,ot_ref,nt_ref,nt_text
57,Ge 1:27,Mr 10:6,But from the beginning of the creation God made them male and female.
265,"Ge 2:2,3",Heb 4:4,"For he spake in a certain place of the seventh day on this wise, And God did rest the seventh day from all his works."
246,Ge 2:4,Eph 5:31,"For this cause shall a man leave his father and mother, and shall be joined unto his wife, and they two shall be one flesh."
219,Ge 2:7,1Co 15:45,"And so it is written, The first man Adam was made a living soul; the last Adam was made a quickening spirit."
29,Ge 2:24,Mt 19:5,"And said, For this cause shall a man leave father and mother, and shall cleave to his wife: and they twain shall be one flesh?"
58,Ge 2:24,Mr 10:7,"For this cause shall a man leave his father and mother, and cleave to his wife;"
210,Ge 2:24,1Co 6:16,"What? know ye not that he which is joined to an harlot is one body? for two, saith he, shall be one flesh."
123,Ge 12:1,Ac 7:3,"And said unto him, Get thee out of thy country, and from thy kindred, and come into the land which I shall shew thee."
234,Ge 12:3,Ga 3:8,"And the scripture, foreseeing that God would justify the heathen through faith, preached before the gospel unto Abraham, saying, In thee shall all nations be blessed."
158,Ge 15:5,Ro 4:18,"Who against hope believed in hope, that he might become the father of many nations, according to that which was spoken, So shall thy seed be."
154,Ge 15:6,Ro 4:3,"For what saith the scripture? Abraham believed God, and it was counted unto him for righteousness."
289,Ge 15:6,Jas 2:23,"And the scripture was fulfilled which saith, Abraham believed God, and it was imputed unto him for righteousness: and he was called the Friend of God."
124,"Ge 15:13,14","Ac 7:6,7","And God spake on this wise, That his seed should sojourn in a strange land; and that they should bring them into bondage, and entreat them evil four hundred years."
15,Ge 17:1,Mt 5:48,"Be ye therefore perfect, even as your Father which is in heaven is perfect."
157,Ge 17:5,Ro 4:17,"(As it is written, I have made thee a father of many nations,) before him whom he believed, even God, who quickeneth the dead, and calleth those things which be not as though they were."
156,Ge 17:10,Ro 4:11,"And he received the sign of circumcision, a seal of the righteousness of the faith which he had yet being uncircumcised: that he might be the father of all them that believe, though they be not circumcised; that righteousness might be imputed unto them also:"
163,Ge 18:10,Ro 9:9,"For this is the word of promise, At this time will I come, and Sarah shall have a son."
241,Ge 21:10,Ga 4:30,Nevertheless what saith the scripture? Cast out the bondwoman and her son: for the son of the bondwoman shall not be heir with the son of the freewoman.
162,Ge 21:12,Ro 9:7,"Neither, because they are the seed of Abraham, are they all children: but, In Isaac shall thy seed be called."
269,"Ge 22:16,17",Heb 6:14,"Saying, Surely blessing I will bless thee, and multiplying I will multiply thee."
120,Ge 22:18,Ac 3:25,"Ye are the children of the prophets, and of the covenant which God made with our fathers, saying unto Abraham, And in thy seed shall all the kindreds of the earth be blessed."
239,Ge 22:18,Ga 3:16,"Now to Abraham and his seed were the promises made. He saith not, And to seeds, as of many; but as of one, And to thy seed, which is Christ."
164,Ge 25:23,Ro 9:12,"It was said unto her, The elder shall serve the younger."
278,Ge 47:31,Heb 11:21,"By faith Jacob, when he was a dying, blessed both the sons of Joseph; and worshipped, leaning upon the top of his staff."
125,"Ex 2:13,14",Ac 7:26,"And the next day he shewed himself unto them as they strove, and would have set them at one again, saying, Sirs, ye are brethren; why do ye wrong one to another?"
128,Ex 2:14,Ac 7:35,"This Moses whom they refused, saying, Who made thee a ruler and a judge? the same did God send to be a ruler and a deliverer by the hand of the angel which appeared to him in the bush."
127,"Ex 3:5,7,8,10","Ac 7:33,34","Then said the Lord to him, Put off thy shoes from thy feet: for the place where thou standest is holy ground."
39,Ex 3:6,Mt 22:32,"I am the God of Abraham, and the God of Isaac, and the God of Jacob? God is not the God of the dead, but of the living."
65,Ex 3:6,Mr 12:26,"And as touching the dead, that they rise: have ye not read in the book of Moses, how in the bush God spake unto him, saying, I am the God of Abraham, and the God of Isaac, and the God of Jacob?"
126,Ex 3:6,Ac 7:32,"Saying, I am the God of thy fathers, the God of Abraham, and the God of Isaac, and the God of Jacob. Then Moses trembled, and durst not behold."
167,Ex 9:16,Ro 9:17,"For the scripture saith unto Pharaoh, Even for this same purpose have I raised thee up, that I might shew my power in thee, and that my name might be declared throughout all the earth."
110,Ex 12:46,Joh 19:36,"For these things were done, that the scripture should be fulfilled, A bone of him shall not be broken."
73,Ex 13:2,Lu 2:23,"(As it is written in the law of the LORD, Every male that openeth the womb shall be called holy to the Lord;)"
229,Ex 16:18,2Co 8:15,"As it is written, He that had gathered much had nothing over; and he that had gathered little had no lack."
295,Ex 19:6,1Pe 2:9,"But ye are a chosen generation, a royal priesthood, an holy nation, a peculiar people; that ye should shew forth the praises of him who hath called you out of darkness into his marvellous light;"
280,"Ex 19:12,13",Heb 12:20,"(For they could not endure that which was commanded, And if so much as a beast touch the mountain, it shall be stoned, or thrust through with a dart:"
25,Ex 20:12,Mt 15:4,"For God commanded, saying, Honour thy father and mother: and, He that curseth father or mother, let him die the death."
30,Ex 20:12-16,Mt 19:18,"He saith unto him, Which? Jesus said, Thou shalt do no murder, Thou shalt not commit adultery, Thou shalt not steal, Thou shalt not bear false witness,"
53,Ex 20:12,Mr 7:10,"For Moses said, Honour thy father and thy mother; and, Whoso curseth father or mother, let him die the death:"
59,"Ex 20:12,13,14",Mr 10:19,"Thou knowest the commandments, Do not commit adultery, Do not kill, Do not steal, Do not bear false witness, Defraud not, Honour thy father and mother."
87,Ex 20:12-16,Lu 18:20,"Thou knowest the commandments, Do not commit adultery, Do not kill, Do not steal, Do not bear false witness, Honour thy father and thy mother."
247,Ex 20:12,"Eph 6:2,3",Honour thy father and mother; which is the first commandment with promise;
194,"Ex 20:13,17",Ro 13:9,"For this, Thou shalt not commit adultery, Thou shalt not kill, Thou shalt not steal, Thou shalt not bear false witness, Thou shalt not covet; and if there be any other commandment, it is briefly comprehended in this saying, namely, Thou shalt love thy neighbour as thyself."
288,"Ex 20:13,14,15",Jas 2:11,"For he that said, Do not commit adultery, said also, Do not kill. Now if thou commit no adultery, yet if thou kill, thou art become a transgressor of the law."
159,Ex 20:17,Ro 7:7,"What shall we say then? Is the law sin? God forbid. Nay, I had not known sin, but by the law: for I had not known lust, except the law had said, Thou shalt not covet."
27,Ex 21:17,Mt 15:4,"For God commanded, saying, Honour thy father and mother: and, He that curseth father or mother, let him die the death."
55,Ex 21:17,Mr 7:10,"For Moses said, Honour thy father and thy mother; and, Whoso curseth father or mother, let him die the death:"
140,Ex 22:28,Ac 23:5,"Then said Paul, I wist not, brethren, that he was the high priest: for it is written, Thou shalt not speak evil of the ruler of thy people."
273,Ex 24:8,Heb 9:20,"Saying, This is the blood of the testament which God hath enjoined unto you."
271,Ex 25:40,Heb 8:5,"Who serve unto the example and shadow of heavenly things, as Moses was admonished of God when he was about to make the tabernacle: for, See, saith he, that thou make all things according to the pattern shewed to thee in the mount."
130,Ex 32:1,Ac 7:40,"Saying unto Aaron, Make us gods to go before us: for as for this Moses, which brought us out of the land of Egypt, we wot not what is become of him."
212,Ex 32:6,1Co 10:7,"Neither be ye idolaters, as were some of them; as it is written, The people sat down to eat and drink, and rose up to play."
166,Ex 33:19,Ro 9:15,"For he saith to Moses, I will have mercy on whom I will have mercy, and I will have compassion on whom I will have compassion."
291,Le 11:44,1Pe 1:16,"Because it is written, Be ye holy; for I am holy."
74,Le 12:8,Lu 2:24,"And to offer a sacrifice according to that which is said in the law of the Lord, A pair of turtledoves, or two young pigeons."
174,Le 18:5,Ro 10:5,"For Moses describeth the righteousness which is of the law, That the man which doeth those things shall live by them."
237,Le 18:5,Ga 3:12,"And the law is not of faith: but, The man that doeth them shall live in them."
31,Le 19:18,Mt 19:19,"Honour thy father and thy mother: and, Thou shalt love thy neighbour as thyself."
41,Le 19:18,Mt 22:39,"And the second is like unto it, Thou shalt love thy neighbour as thyself."
67,Le 19:18,Mr 12:31,"And the second is like, namely this, Thou shalt love thy neighbour as thyself. There is none other commandment greater than these."
85,Le 19:18,Lu 10:27,"And he answering said, Thou shalt love the Lord thy God with all thy heart, and with all thy soul, and with all thy strength, and with all thy mind; and thy neighbour as thyself."
196,Le 19:18,Ro 13:9,"For this, Thou shalt not commit adultery, Thou shalt not kill, Thou shalt not steal, Thou shalt not bear false witness, Thou shalt not covet; and if there be any other commandment, it is briefly comprehended in this saying, namely, Thou shalt love thy neighbour as thyself."
242,Le 19:18,Ga 5:14,"For all the law is fulfilled in one word, even in this; Thou shalt love thy neighbour as thyself."
287,Le 19:18,Jas 2:8,"If ye fulfil the royal law according to the scripture, Thou shalt love thy neighbour as thyself, ye do well:"
225,"Le 26:11,12",2Co 6:16,"And what agreement hath the temple of God with idols? for ye are the temple of the living God; as God hath said, I will dwell in them, and walk in them; and I will be their God, and they shall be my people."
283,De 4:24,Heb 12:29,For our God is a consuming fire.
26,De 5:16,Mt 15:4,"For God commanded, saying, Honour thy father and mother: and, He that curseth father or mother, let him die the death."
54,De 5:16,Mr 7:10,"For Moses said, Honour thy father and thy mother; and, Whoso curseth father or mother, let him die the death:"
88,De 5:16-20,Lu 18:20,"Thou knowest the commandments, Do not commit adultery, Do not kill, Do not steal, Do not bear false witness, Honour thy father and thy mother."
195,De 5:16-21,Ro 13:9,"For this, Thou shalt not commit adultery, Thou shalt not kill, Thou shalt not steal, Thou shalt not bear false witness, Thou shalt not covet; and if there be any other commandment, it is briefly comprehended in this saying, namely, Thou shalt love thy neighbour as thyself."
248,De 5:16,"Eph 6:2,3",Honour thy father and mother; which is the first commandment with promise;
12,De 5:17,Mt 5:21,"Ye have heard that it was said of them of old time, Thou shalt not kill; and whosoever shall kill shall be in danger of the judgment:"
13,De 5:18,Mt 5:27,"Ye have heard that it was said by them of old time, Thou shalt not commit adultery:"
160,De 5:21,Ro 7:7,"What shall we say then? Is the law sin? God forbid. Nay, I had not known sin, but by the law: for I had not known lust, except the law had said, Thou shalt not covet."
66,"De 6:4,5","Mr 12:29,30","And Jesus answered him, The first of all the commandments is, Hear, O Israel; The Lord our God is one Lord:"
40,De 6:5,Mt 22:37,"Jesus said unto him, Thou shalt love the Lord thy God with all thy heart, and with all thy soul, and with all thy mind."
84,De 6:5,Lu 10:27,"And he answering said, Thou shalt love the Lord thy God with all thy heart, and with all thy soul, and with all thy strength, and with all thy mind; and thy neighbour as thyself."
8,De 6:13,Mt 4:10,"Then saith Jesus unto him, Get thee hence, Satan: for it is written, Thou shalt worship the Lord thy God, and him only shalt thou serve."
77,De 6:13,Lu 4:8,"And Jesus answered and said unto him, Get thee behind me, Satan: for it is written, Thou shalt worship the Lord thy God, and him only shalt thou serve."
7,De 6:16,Mt 4:7,"Jesus said unto him, It is written again, Thou shalt not tempt the Lord thy God."
80,De 6:16,Lu 4:12,"And Jesus answering said unto him, It is said, Thou shalt not tempt the Lord thy God."
5,De 8:3,Mt 4:4,"But he answered and said, It is written, Man shall not live by bread alone, but by every word that proceedeth out of the mouth of God."
76,De 8:3,Lu 4:4,"And Jesus answered him, saying, It is written, That man shall not live by bread alone, but by every word of God."
281,De 9:19,Heb 12:21,"And so terrible was the sight, that Moses said, I exceedingly fear and quake:)"
233,De 10:17,Ga 2:6,"But of these who seemed to be somewhat, (whatsoever they were, it maketh no matter to me: God accepteth no man's person:) for they who seemed to be somewhat in conference added nothing to me:"
9,De 10:20,Mt 4:10,"Then saith Jesus unto him, Get thee hence, Satan: for it is written, Thou shalt worship the Lord thy God, and him only shalt thou serve."
78,De 10:20,Lu 4:8,"And Jesus answered and said unto him, Get thee behind me, Satan: for it is written, Thou shalt worship the Lord thy God, and him only shalt thou serve."
119,"De 18:15,18,19","Ac 3:22,23","For Moses truly said unto the fathers, A prophet shall the Lord your God raise up unto you of your brethren, like unto me; him shall ye hear in all things whatsoever he shall say unto you."
129,De 18:15,Ac 7:37,"This is that Moses, which said unto the children of Israel, A prophet shall the Lord your God raise up unto you of your brethren, like unto me; him shall ye hear."
100,De 19:15,Joh 8:17,"It is also written in your law, that the testimony of two men is true."
232,De 19:15,2Co 13:1,This is the third time I am coming to you. In the mouth of two or three witnesses shall every word be established.
14,De 19:21,Mt 5:38,"Ye have heard that it hath been said, An eye for an eye, and a tooth for a tooth:"
238,De 21:23,Ga 3:13,"Christ hath redeemed us from the curse of the law, being made a curse for us: for it is written, Cursed is every one that hangeth on a tree:"
211,De 25:4,1Co 9:9,"For it is written in the law of Moses, Thou shalt not muzzle the mouth of the ox that treadeth out the corn. Doth God take care for oxen?"
249,De 25:4,1Ti 5:18,"For the scripture saith, Thou shalt not muzzle the ox that treadeth out the corn. And, The labourer is worthy of his reward."
38,De 25:5,Mt 22:24,"Saying, Master, Moses said, If a man die, having no children, his brother shall marry his wife, and raise up seed unto his brother."
64,De 25:5,Mr 12:19,"Master, Moses wrote unto us, If a man's brother die, and leave his wife behind him, and leave no children, that his brother should take his wife, and raise up seed unto his brother."
92,De 25:5,Lu 20:28,"Saying, Master, Moses wrote unto us, If any man's brother die, having a wife, and he die without children, that his brother should take his wife, and raise up seed unto his brother."
235,De 27:26,Ga 3:10,"For as many as are of the works of the law are under the curse: for it is written, Cursed is every one that continueth not in all things which are written in the book of the law to do them."
176,De 30:14,Ro 10:8,"But what saith it? The word is nigh thee, even in thy mouth, and in thy heart: that is, the word of faith, which we preach;"
284,De 31:8,Heb 13:5,"Let your conversation be without covetousness; and be content with such things as ye have: for he hath said, I will never leave thee, nor forsake thee."
213,De 32:17,1Co 10:20,"But I say, that the things which the Gentiles sacrifice, they sacrifice to devils, and not to God: and I would not that ye should have fellowship with devils."
183,De 32:21,Ro 10:19,"But I say, Did not Israel know? First Moses saith, I will provoke you to jealousy by them that are no people, and by a foolish nation I will anger you."
192,De 32:35,Ro 12:19,"Dearly beloved, avenge not yourselves, but rather give place unto wrath: for it is written, Vengeance is mine; I will repay, saith the Lord."
276,"De 32:35,36",Heb 10:30,"For we know him that hath said, Vengeance belongeth unto me, I will recompense, saith the Lord. And again, The Lord shall judge his people."
200,De 32:43,Ro 15:10,"And again he saith, Rejoice, ye Gentiles, with his people."
285,Jos 1:5,Heb 13:5,"Let your conversation be without covetousness; and be content with such things as ye have: for he hath said, I will never leave thee, nor forsake thee."
133,1Sa 13:14,Ac 13:22,"And when he had removed him, he raised up unto them David to be their king; to whom also he gave their testimony, and said, I have found David the son of Jesse, a man after mine own heart, which shall fulfil all my will."
228,2Sa 7:14,"2Co 6:17,18","Wherefore come out from among them, and be ye separate, saith the Lord, and touch not the unclean thing; and I will receive you."
251,2Sa 7:14,Heb 1:5,"For unto which of the angels said he at any time, Thou art my Son, this day have I begotten thee? And again, I will be to him a Father, and he shall be to me a Son?"
261,2Sa 22:2,Heb 2:13,"And again, I will put my trust in him. And again, Behold I and the children which God hath given me."
185,"1Ki 19:10,14",Ro 11:3,"Lord, they have killed thy prophets, and digged down thine altars; and I am left alone, and they seek my life."
186,1Ki 19:18,Ro 11:4,"But what saith the answer of God unto him? I have reserved to myself seven thousand men, who have not bowed the knee to the image of Baal."
208,Job 5:13,1Co 3:19,"For the wisdom of this world is foolishness with God. For it is written, He taketh the wise in their own craftiness."
122,"Ps 2:1,2","Ac 4:25,26","Who by the mouth of thy servant David hast said, Why did the heathen rage, and the people imagine vain things?"
135,Ps 2:7,Ac 13:33,"God hath fulfilled the same unto us their children, in that he hath raised up Jesus again; as it is also written in the second psalm, Thou art my Son, this day have I begotten thee."
250,Ps 2:7,Heb 1:5,"For unto which of the angels said he at any time, Thou art my Son, this day have I begotten thee? And again, I will be to him a Father, and he shall be to me a Son?"
267,Ps 2:7,Heb 5:5,"So also Christ glorified not himself to be made an high priest; but he that said unto him, Thou art my Son, to day have I begotten thee."
245,Ps 4:4,Eph 4:26,"Be ye angry, and sin not: let not the sun go down upon your wrath:"
149,Ps 5:9,Ro 3:13,Their throat is an open sepulchre; with their tongues they have used deceit; the poison of asps is under their lips:
16,Ps 6:8,Mt 7:23,"And then will I profess unto them, I never knew you: depart from me, ye that work iniquity."
44,Ps 6:8,Mt 25:41,"Then shall he say also unto them on the left hand, Depart from me, ye cursed, into everlasting fire, prepared for the devil and his angels:"
86,Ps 6:8,Lu 13:27,"But he shall say, I tell you, I know you not whence ye are; depart from me, all ye workers of iniquity."
36,Ps 8:2,Mt 21:16,"And said unto him, Hearest thou what these say? And Jesus saith unto them, Yea; have ye never read, Out of the mouth of babes and sucklings thou hast perfected praise?"
257,Ps 8:4-6,Heb 2:6-8,"But one in a certain place testified, saying, What is man, that thou art mindful of him? or the son of man that thou visitest him?"
217,Ps 8:6,1Co 15:27,"For he hath put all things under his feet. But when he saith all things are put under him, it is manifest that he is excepted, which did put all things under him."
151,Ps 10:7,Ro 3:14,Whose mouth is full of cursing and bitterness:
147,"Ps 14:1,2,3","Ro 3:10,11,12","As it is written, There is none righteous, no, not one:"
116,Ps 16:8-10,Ac 2:25-28,"For David speaketh concerning him, I foresaw the Lord always before my face, for he is on my right hand, that I should not be moved:"
117,Ps 16:10,Ac 2:31,"He seeing this before spake of the resurrection of Christ, that his soul was not left in hell, neither his flesh did see corruption."
137,Ps 16:10,Ac 13:35,"Wherefore he saith also in another psalm, Thou shalt not suffer thine Holy One to see corruption."
260,Ps 18:2,Heb 2:13,"And again, I will put my trust in him. And again, Behold I and the children which God hath given me."
199,Ps 18:49,Ro 15:9,"And that the Gentiles might glorify God for his mercy; as it is written, For this cause I will confess to thee among the Gentiles, and sing unto thy name."
182,Ps 19:4,Ro 10:18,"But I say, Have they not heard? Yes verily, their sound went into all the earth, and their words unto the ends of the world."
48,Ps 22:1,Mt 27:46,"And about the ninth hour Jesus cried with a loud voice, saying, Eli, Eli, lama sabachthani? that is to say, My God, my God, why hast thou forsaken me?"
71,Ps 22:1,Mr 15:34,"And at the ninth hour Jesus cried with a loud voice, saying, Eloi, Eloi, lama sabachthani? which is, being interpreted, My God, my God, why hast thou forsaken me?"
47,Ps 22:18,Mt 27:35,"And they crucified him, and parted his garments, casting lots: that it might be fulfilled which was spoken by the prophet, They parted my garments among them, and upon my vesture did they cast lots."
109,Ps 22:19,Joh 19:24,"They said therefore among themselves, Let us not rend it, but cast lots for it, whose it shall be: that the scripture might be fulfilled, which saith, They parted my raiment among them, and for my vesture they did cast lots. These things therefore the soldiers did."
258,Ps 22:22,Heb 2:12,"Saying, I will declare thy name unto my brethren, in the midst of the church will I sing praise unto thee."
214,Ps 24:1,1Co 10:26,"For the earth is the Lord's, and the fulness thereof."
95,Ps 31:5,Lu 23:46,"And when Jesus had cried with a loud voice, he said, Father, into thy hands I commend my spirit: and having said thus, he gave up the ghost."
155,"Ps 32:1,2","Ro 4:7,8","Saying, Blessed are they whose iniquities are forgiven, and whose sins are covered."
298,Ps 34:12-16,"1Pe 3:10,11,12","For he that will love life, and see good days, let him refrain his tongue from evil, and his lips that they speak no guile:"
111,Ps 34:20,Joh 19:36,"For these things were done, that the scripture should be fulfilled, A bone of him shall not be broken."
108,Ps 35:19,Joh 15:25,"But this cometh to pass, that the word might be fulfilled that is written in their law, They hated me without a cause."
153,Ps 36:1,Ro 3:18,There is no fear of God before their eyes.
274,Ps 40:6-8,Heb 10:5-7,"Wherefore when he cometh into the world, he saith, Sacrifice and offering thou wouldest not, but a body hast thou prepared me:"
105,Ps 41:9,Joh 13:18,"I speak not of you all: I know whom I have chosen: but that the scripture may be fulfilled, He that eateth bread with me hath lifted up his heel against me."
161,Ps 44:22,Ro 8:36,"As it is written, For thy sake we are killed all the day long; we are accounted as sheep for the slaughter."
254,"Ps 45:6,7","Heb 1:8,9","But unto the Son he saith, Thy throne, O God, is for ever and ever: a sceptre of righteousness is the sceptre of thy kingdom."
146,Ps 51:4,Ro 3:4,"God forbid: yea, let God be true, but every man a liar; as it is written, That thou mightest be justified in thy sayings, and mightest overcome when thou art judged."
148,"Ps 53:1,2,3","Ro 3:10,11,12","As it is written, There is none righteous, no, not one:"
136,Ps 55:3,Ac 13:34,"And as concerning that he raised him up from the dead, now no more to return to corruption, he said on this wise, I will give you the sure mercies of David."
243,Ps 68:18,Eph 4:8,"Wherefore he saith, When he ascended up on high, he led captivity captive, and gave gifts unto men."
106,Ps 69:4,Joh 15:25,"But this cometh to pass, that the word might be fulfilled that is written in their law, They hated me without a cause."
97,Ps 69:9,Joh 2:17,"And his disciples remembered that it was written, The zeal of thine house hath eaten me up."
198,Ps 69:9,Ro 15:3,"For even Christ pleased not himself; but, as it is written, The reproaches of them that reproached thee fell on me."
188,"Ps 69:22,23","Ro 11:9,10","And David saith, Let their table be made a snare, and a trap, and a stumblingblock, and a recompence unto them:"
113,Ps 69:25,Ac 1:20,"For it is written in the book of Psalms, Let his habitation be desolate, and let no man dwell therein: and his bishoprick let another take."
24,Ps 78:2,Mt 13:35,"That it might be fulfilled which was spoken by the prophet, saying, I will open my mouth in parables; I will utter things which have been kept secret from the foundation of the world."
98,Ps 78:24,Joh 6:31,"Our fathers did eat manna in the desert; as it is written, He gave them bread from heaven to eat."
101,Ps 82:6,Joh 9:31,"Now we know that God heareth not sinners: but if any man be a worshipper of God, and doeth his will, him he heareth."
304,Ps 86:9,Re 15:4,"Who shall not fear thee, O Lord, and glorify thy name? for thou only art holy: for all nations shall come and worship before thee; for thy judgments are made manifest."
134,Ps 89:20,Ac 13:22,"And when he had removed him, he raised up unto them David to be their king; to whom also he gave their testimony, and said, I have found David the son of Jesse, a man after mine own heart, which shall fulfil all my will."
6,"Ps 91:11,12",Mt 4:6,"And saith unto him, If thou be the Son of God, cast thyself down: for it is written, He shall give his angels charge concerning thee: and in their hands they shall bear thee up, lest at any time thou dash thy foot against a stone."
79,"Ps 91:11,12","Lu 4:10,11","For it is written, He shall give his angels charge over thee, to keep thee:"
209,Ps 94:11,1Co 3:20,"And again, The Lord knoweth the thoughts of the wise, that they are vain."
262,Ps 95:7-11,Heb 3:7-11,"Wherefore (as the Holy Ghost saith, To day if ye will hear his voice,"
263,Ps 95:7-11,Heb 3:15,"While it is said, To day if ye will hear his voice, harden not your hearts, as in the provocation."
266,"Ps 95:7,8",Heb 4:7,"Again, he limiteth a certain day, saying in David, To day, after so long a time; as it is said, To day if ye will hear his voice, harden not your hearts."
264,Ps 95:11,Heb 4:3,"For we which have believed do enter into rest, as he said, As I have sworn in my wrath, if they shall enter into my rest: although the works were finished from the foundation of the world."
252,Ps 97:7,Heb 1:6,"And again, when he bringeth in the firstbegotten into the world, he saith, And let all the angels of God worship him."
255,"Ps 102:25,26,27","Heb 1:10,11,12","And, Thou, Lord, in the beginning hast laid the foundation of the earth; and the heavens are the works of thine hands:"
253,Ps 104:4,Heb 1:7,"And of the angels he saith, Who maketh his angels spirits, and his ministers a flame of fire."
107,Ps 109:3,Joh 15:25,"But this cometh to pass, that the word might be fulfilled that is written in their law, They hated me without a cause."
114,Ps 109:8,Ac 1:20,"For it is written in the book of Psalms, Let his habitation be desolate, and let no man dwell therein: and his bishoprick let another take."
42,Ps 110:1,Mt 22:44,"The LORD said unto my Lord, Sit thou on my right hand, till I make thine enemies thy footstool?"
68,Ps 110:1,Mr 12:36,"For David himself said by the Holy Ghost, The LORD said to my Lord, Sit thou on my right hand, till I make thine enemies thy footstool."
93,Ps 110:1,"Lu 20:42,43","And David himself saith in the book of Psalms, The LORD said unto my Lord, Sit thou on my right hand,"
118,Ps 110:1,Ac 2:34,"For David is not ascended into the heavens: but he saith himself, The Lord said unto my Lord, Sit thou on my right hand,"
216,Ps 110:1,1Co 15:25,"For he must reign, till he hath put all enemies under his feet."
256,Ps 110:1,Heb 1:13,"But to which of the angels said he at any time, Sit on my right hand, until I make thine enemies thy footstool?"
268,Ps 110:4,Heb 5:6,"As he saith also in another place, Thou art a priest for ever after the order of Melchisedec."
270,Ps 110:4,"Heb 7:17,21","For he testifieth, Thou art a priest for ever after the order of Melchisedec."
230,Ps 112:9,2Co 9:9,"(As it is written, He hath dispersed abroad; he hath given to the poor: his righteousness remaineth for ever."
222,Ps 116:10,2Co 4:13,"We having the same spirit of faith, according as it is written, I believed, and therefore have I spoken; we also believe, and therefore speak;"
145,Ps 116:11,Ro 3:4,"God forbid: yea, let God be true, but every man a liar; as it is written, That thou mightest be justified in thy sayings, and mightest overcome when thou art judged."
201,Ps 117:1,Ro 15:11,"And again, Praise the Lord, all ye Gentiles; and laud him, all ye people."
286,Ps 118:6,Heb 13:6,"So that we may boldly say, The Lord is my helper, and I will not fear what man shall do unto me."
37,"Ps 118:22,23",Mt 21:42,"Jesus saith unto them, Did ye never read in the scriptures, The stone which the builders rejected, the same is become the head of the corner: this is the Lord's doing, and it is marvellous in our eyes?"
63,"Ps 118:22,23","Mr 12:10,11",And have ye not read this scripture; The stone which the builders rejected is become the head of the corner:
91,"Ps 118:22,23",Lu 20:17,"And he beheld them, and said, What is this then that is written, The stone which the builders rejected, the same is become the head of the corner?"
121,"Ps 118:22,23",Ac 4:11,"This is the stone which was set at nought of you builders, which is become the head of the corner."
294,"Ps 118:22,23",1Pe 2:7,"Unto you therefore which believe he is precious: but unto them which be disobedient, the stone which the builders disallowed, the same is made the head of the corner,"
33,Ps 118:26,Mt 21:9,"And the multitudes that went before, and that followed, cried, saying, Hosanna to the son of David: Blessed is he that cometh in the name of the Lord; Hosanna in the highest."
60,Ps 118:26,Mr 11:9,"And they that went before, and they that followed, cried, saying, Hosanna; Blessed is he that cometh in the name of the Lord:"
150,Ps 140:3,Ro 3:13,Their throat is an open sepulchre; with their tongues they have used deceit; the poison of asps is under their lips:
191,Pr 3:7,Ro 12:16,"Be of the same mind one toward another. Mind not high things, but condescend to men of low estate. Be not wise in your own conceits."
279,"Pr 3:11,12","Heb 12:5,6","And ye have forgotten the exhortation which speaketh unto you as unto children, My son, despise not thou the chastening of the Lord, nor faint when thou art rebuked of him:"
290,Pr 3:34,Jas 4:6,"But he giveth more grace. Wherefore he saith, God resisteth the proud, but giveth grace unto the humble."
299,Pr 10:12,1Pe 4:8,And above all things have fervent charity among yourselves: for charity shall cover the multitude of sins.
56,Pr 20:20,Mr 7:10,"For Moses said, Honour thy father and thy mother; and, Whoso curseth father or mother, let him die the death:"
193,"Pr 25:21,22",Ro 12:20,"Therefore if thine enemy hunger, feed him; if he thirst, give him drink: for in so doing thou shalt heap coals of fire on his head."
300,Pr 26:11,2Pe 2:22,"But it is happened unto them according to the true proverb, The dog is turned to his own vomit again; and the sow that was washed to her wallowing in the mire."
171,Isa 1:9,Ro 9:29,"And as Esaias said before, Except the Lord of Sabaoth had left us a seed, we had been as Sodoma, and been made like unto Gomorrha."
23,"Isa 6:9,10",Mt 13:14,"And in them is fulfilled the prophecy of Esaias, which saith, By hearing ye shall hear, and shall not understand; and seeing ye shall see, and shall not perceive:"
51,Isa 6:9,Mr 4:12,"That seeing they may see, and not perceive; and hearing they may hear, and not understand; lest at any time they should be converted, and their sins should be forgiven them."
83,Isa 6:9,Lu 8:10,"And he said, Unto you it is given to know the mysteries of the kingdom of God: but to others in parables; that seeing they might not see, and hearing they might not understand."
104,Isa 6:9,Joh 12:40,"He hath blinded their eyes, and hardened their heart; that they should not see with their eyes, nor understand with their heart, and be converted, and I should heal them."
141,"Isa 6:9,10","Ac 28:26,27","Saying, Go unto this people, and say, Hearing ye shall hear, and shall not understand; and seeing ye shall see, and not perceive:"
0,Isa 7:14,Mt 1:23,"Behold, a virgin shall be with child, and shall bring forth a son, and they shall call his name Emmanuel, which being interpreted is, God with us."
172,Isa 8:14,Ro 9:33,"As it is written, Behold, I lay in Sion a stumblingstone and rock of offence: and whosoever believeth on him shall not be ashamed."
259,Isa 8:18,Heb 2:13,"And again, I will put my trust in him. And again, Behold I and the children which God hath given me."
10,"Isa 9:1,2","Mt 4:15,16","The land of Zabulon, and the land of Nephthalim, by the way of the sea, beyond Jordan, Galilee of the Gentiles;"
170,"Isa 10:22,23","Ro 9:27,28","Esaias also crieth concerning Israel, Though the number of the children of Israel be as the sand of the sea, a remnant shall be saved:"
202,"Isa 11:1,10",Ro 15:12,"And again, Esaias saith, There shall be a root of Jesse, and he that shall rise to reign over the Gentiles; in him shall the Gentiles trust."
305,Isa 21:9,Re 18:2,"And he cried mightily with a strong voice, saying, Babylon the great is fallen, is fallen, and is become the habitation of devils, and the hold of every foul spirit, and a cage of every unclean and hateful bird."
218,Isa 22:13,1Co 15:32,"If after the manner of men I have fought with beasts at Ephesus, what advantageth it me, if the dead rise not? let us eat and drink; for to morrow we die."
220,Isa 25:8,1Co 15:54,"So when this corruptible shall have put on incorruption, and this mortal shall have put on immortality, then shall be brought to pass the saying that is written, Death is swallowed up in victory."
302,Isa 25:8,Re 7:17,"For the Lamb which is in the midst of the throne shall feed them, and shall lead them unto living fountains of waters: and God shall wipe away all tears from their eyes."
215,"Isa 28:11,12",1Co 14:21,"In the law it is written, With men of other tongues and other lips will I speak unto this people; and yet for all that will they not hear me, saith the Lord."
173,Isa 28:16,Ro 9:33,"As it is written, Behold, I lay in Sion a stumblingstone and rock of offence: and whosoever believeth on him shall not be ashamed."
177,Isa 28:16,Ro 10:11,"For the scripture saith, Whosoever believeth on him shall not be ashamed."
293,Isa 28:16,1Pe 2:6,"Wherefore also it is contained in the scripture, Behold, I lay in Sion a chief corner stone, elect, precious: and he that believeth on him shall not be confounded."
187,Isa 29:10,Ro 11:8,"(According as it is written, God hath given them the spirit of slumber, eyes that they should not see, and ears that they should not hear;) unto this day."
28,Isa 29:13,"Mt 15:8,9","This people draweth nigh unto me with their mouth, and honoureth me with their lips; but their heart is far from me."
52,Isa 29:13,"Mr 7:6,7","He answered and said unto them, Well hath Esaias prophesied of you hypocrites, as it is written, This people honoureth me with their lips, but their heart is far from me."
204,Isa 29:14,1Co 1:19,"For it is written, I will destroy the wisdom of the wise, and will bring to nothing the understanding of the prudent."
4,Isa 40:3,Mt 3:3,"For this is he that was spoken of by the prophet Esaias, saying, The voice of one crying in the wilderness, Prepare ye the way of the Lord, make his paths straight."
50,Isa 40:3,"Mr 1:2,3","As it is written in the prophets, Behold, I send my messenger before thy face, which shall prepare thy way before thee."
75,"Isa 40:3,4,5","Lu 3:4,5,6","As it is written in the book of the words of Esaias the prophet, saying, The voice of one crying in the wilderness, Prepare ye the way of the Lord, make his paths straight."
96,Isa 40:3,Joh 1:23,"He said, I am the voice of one crying in the wilderness, Make straight the way of the Lord, as said the prophet Esaias."
292,Isa 40:6,"1Pe 1:24,25","For all flesh is as grass, and all the glory of man as the flower of grass. The grass withereth, and the flower thereof falleth away:"
190,Isa 40:13,Ro 11:34,For who hath known the mind of the Lord? or who hath been his counsellor?
207,Isa 40:13,1Co 2:16,"For who hath known the mind of the Lord, that he may instruct him? But we have the mind of Christ."
21,Isa 42:1,Mt 12:18,"Behold my servant, whom I have chosen; my beloved, in whom my soul is well pleased: I will put my spirit upon him, and he shall shew judgment to the Gentiles."
22,Isa 42:1-4,Mt 12:18-21,"Behold my servant, whom I have chosen; my beloved, in whom my soul is well pleased: I will put my spirit upon him, and he shall shew judgment to the Gentiles."
11,Isa 42:7,"Mt 4:15,16","The land of Zabulon, and the land of Nephthalim, by the way of the sea, beyond Jordan, Galilee of the Gentiles;"
223,"Isa 43:18,19",2Co 5:17,"Therefore if any man be in Christ, he is a new creature: old things are passed away; behold, all things are become new."
197,Isa 45:23,Ro 14:11,"For it is written, As I live, saith the Lord, every knee shall bow to me, and every tongue shall confess to God."
139,Isa 49:6,Ac 13:47,"For so hath the Lord commanded us, saying, I have set thee to be a light of the Gentiles, that thou shouldest be for salvation unto the ends of the earth."
224,Isa 49:8,2Co 6:2,"(For he saith, I have heard thee in a time accepted, and in the day of salvation have I succoured thee: behold, now is the accepted time; behold, now is the day of salvation.)"
301,Isa 49:10,Re 7:16,"They shall hunger no more, neither thirst any more; neither shall the sun light on them, nor any heat."
143,Isa 52:5,Ro 2:24,"For the name of God is blasphemed among the Gentiles through you, as it is written."
179,Isa 52:7,Ro 10:15,"And how shall they preach, except they be sent? as it is written, How beautiful are the feet of them that preach the gospel of peace, and bring glad tidings of good things!"
226,"Isa 52:11,12","2Co 6:17,18","Wherefore come out from among them, and be ye separate, saith the Lord, and touch not the unclean thing; and I will receive you."
203,Isa 52:15,Ro 15:21,"But as it is written, To whom he was not spoken of, they shall see: and they that have not heard shall understand."
103,Isa 53:1,Joh 12:38,"That the saying of Esaias the prophet might be fulfilled, which he spake, Lord, who hath believed our report? and to whom hath the arm of the Lord been revealed?"
181,Isa 53:1,Ro 10:16,"But they have not all obeyed the gospel. For Esaias saith, Lord, who hath believed our report?"
17,Isa 53:4,Mt 8:17,"That it might be fulfilled which was spoken by Esaias the prophet, saying, Himself took our infirmities, and bare our sicknesses."
297,"Isa 53:4,5",1Pe 2:24,"Who his own self bare our sins in his own body on the tree, that we, being dead to sins, should live unto righteousness: by whose stripes ye were healed."
132,"Isa 53:7,8","Ac 8:32,33","The place of the scripture which he read was this, He was led as a sheep to the slaughter; and like a lamb dumb before his shearer, so opened he not his mouth:"
296,Isa 53:9,1Pe 2:22,"Who did no sin, neither was guile found in his mouth:"
70,Isa 53:12,Mr 15:28,"And the scripture was fulfilled, which saith, And he was numbered with the transgressors."
94,Isa 53:12,Lu 22:37,"For I say unto you, that this that is written must yet be accomplished in me, And he was reckoned among the transgressors: for the things concerning me have an end."
240,Isa 54:1,Ga 4:27,"For it is written, Rejoice, thou barren that bearest not; break forth and cry, thou that travailest not: for the desolate hath many more children than she which hath an husband."
99,Isa 54:13,Joh 6:45,"It is written in the prophets, And they shall be all taught of God. Every man therefore that hath heard, and hath learned of the Father, cometh unto me."
34,Isa 56:7,Mt 21:13,"And said unto them, It is written, My house shall be called the house of prayer; but ye have made it a den of thieves."
61,Isa 56:7,Mr 11:17,"And he taught, saying unto them, Is it not written, My house shall be called of all nations the house of prayer? but ye have made it a den of thieves."
89,Isa 56:7,Lu 19:46,"Saying unto them, It is written, My house is the house of prayer: but ye have made it a den of thieves."
152,"Isa 59:7,8",Ro 3:15-18,Their feet are swift to shed blood:
189,"Isa 59:20,21","Ro 11:26,27","And so all Israel shall be saved: as it is written, There shall come out of Sion the Deliverer, and shall turn away ungodliness from Jacob:"
81,"Isa 61:1,2","Lu 4:18,19","The Spirit of the Lord is upon me, because he hath anointed me to preach the gospel to the poor; he hath sent me to heal the brokenhearted, to preach deliverance to the captives, and recovering of sight to the blind, to set at liberty them that are bruised,"
206,Isa 64:4,1Co 2:9,"But as it is written, Eye hath not seen, nor ear heard, neither have entered into the heart of man, the things which God hath prepared for them that love him."
184,"Isa 65:1,2","Ro 10:20,21","But Esaias is very bold, and saith, I was found of them that sought me not; I was made manifest unto them that asked not after me."
131,"Isa 66:1,2","Ac 7:49,50","Heaven is my throne, and earth is my footstool: what house will ye build me? saith the Lord: or what is the place of my rest?"
35,Jer 7:11,Mt 21:13,"And said unto them, It is written, My house shall be called the house of prayer; but ye have made it a den of thieves."
62,Jer 7:11,Mr 11:17,"And he taught, saying unto them, Is it not written, My house shall be called of all nations the house of prayer? but ye have made it a den of thieves."
90,Jer 7:11,Lu 19:46,"Saying unto them, It is written, My house is the house of prayer: but ye have made it a den of thieves."
205,Jer 9:24,1Co 1:31,"That, according as it is written, He that glorieth, let him glory in the Lord."
231,Jer 9:24,2Co 10:17,"But he that glorieth, let him glory in the Lord."
303,Jer 10:6,Re 15:4,"Who shall not fear thee, O Lord, and glorify thy name? for thou only art holy: for all nations shall come and worship before thee; for thy judgments are made manifest."
43,Jer 30:7,Mt 24:21,"For then shall be great tribulation, such as was not since the beginning of the world to this time, no, nor ever shall be."
227,Jer 31:9,"2Co 6:17,18","Wherefore come out from among them, and be ye separate, saith the Lord, and touch not the unclean thing; and I will receive you."
3,Jer 31:15,Mt 2:18,"In Rama was there a voice heard, lamentation, and weeping, and great mourning, Rachel weeping for her children, and would not be comforted, because they are not."
272,Jer 31:31-34,Heb 8:8-12,"For finding fault with them, he saith, Behold, the days come, saith the Lord, when I will make a new covenant with the house of Israel and with the house of Judah:"
275,"Jer 31:33,34","Heb 10:16,17","This is the covenant that I will make with them after those days, saith the Lord, I will put my laws into their hearts, and in their minds will I write them;"
306,Jer 51:7,Re 18:3,"For all nations have drunk of the wine of the wrath of her fornication, and the kings of the earth have committed fornication with her, and the merchants of the earth are waxed rich through the abundance of her delicacies."
175,Eze 20:11,Ro 10:5,"For Moses describeth the righteousness which is of the law, That the man which doeth those things shall live by them."
144,Eze 36:20,Ro 2:24,"For the name of God is blasphemed among the Gentiles through you, as it is written."
169,Ho 1:10,Ro 9:26,"And it shall come to pass, that in the place where it was said unto them, Ye are not my people; there shall they be called the children of the living God."
168,Ho 2:23,Ro 9:25,"As he saith also in Osee, I will call them my people, which were not my people; and her beloved, which was not beloved."
18,Ho 6:6,Mt 9:13,"But go ye and learn what that meaneth, I will have mercy, and not sacrifice: for I am not come to call the righteous, but sinners to repentance."
20,Ho 6:6,Mt 12:7,"But if ye had known what this meaneth, I will have mercy, and not sacrifice, ye would not have condemned the guiltless."
2,Ho 11:1,Mt 2:15,"And was there until the death of Herod: that it might be fulfilled which was spoken of the Lord by the prophet, saying, Out of Egypt have I called my son."
221,Ho 13:14,1Co 15:55,"O death, where is thy sting? O grave, where is thy victory?"
115,Joe 2:28-32,Ac 2:17-21,"And it shall come to pass in the last days, saith God, I will pour out of my Spirit upon all flesh: and your sons and your daughters shall prophesy, and your young men shall see visions, and your old men shall dream dreams:"
178,Joe 2:32,Ro 10:13,For whosoever shall call upon the name of the Lord shall be saved.
1,Mic 5:2,Mt 2:6,"And thou Bethlehem, in the land of Juda, art not the least among the princes of Juda: for out of thee shall come a Governor, that shall rule my people Israel."
180,Na 1:15,Ro 10:15,"And how shall they preach, except they be sent? as it is written, How beautiful are the feet of them that preach the gospel of peace, and bring glad tidings of good things!"
138,Hab 1:5,Ac 13:41,"Behold, ye despisers, and wonder, and perish: for I work a work in your days, a work which ye shall in no wise believe, though a man declare it unto you."
277,"Hab 2:3,4","Heb 10:37,38","For yet a little while, and he that shall come will come, and will not tarry."
142,Hab 2:4,Ro 1:17,"For therein is the righteousness of God revealed from faith to faith: as it is written, The just shall live by faith."
236,Hab 2:4,Ga 3:11,"But that no man is justified by the law in the sight of God, it is evident: for, The just shall live by faith."
282,Hag 2:6,Heb 12:26,"Whose voice then shook the earth: but now he hath promised, saying, Yet once more I shake not the earth only, but also heaven."
244,Zec 8:16,Eph 4:25,"Wherefore putting away lying, speak every man truth with his neighbour: for we are members one of another."
32,Zec 9:9,Mt 21:5,"Tell ye the daughter of Sion, Behold, thy King cometh unto thee, meek, and sitting upon an ass, and a colt the foal of an ass."
102,Zec 9:9,"Joh 12:14,15","And Jesus, when he had found a young ass, sat thereon; as it is written,"
46,Zec 11:13,"Mt 27:9,10","Then was fulfilled that which was spoken by Jeremy the prophet, saying, And they took the thirty pieces of silver, the price of him that was valued, whom they of the children of Israel did value;"
112,Zec 12:10,Joh 19:37,"And again another scripture saith, They shall look on him whom they pierced."
45,Zec 13:7,Mt 26:31,"Then saith Jesus unto them, All ye shall be offended because of me this night: for it is written, I will smite the shepherd, and the sheep of the flock shall be scattered abroad."
69,Zec 13:7,Mr 14:27,"And Jesus saith unto them, All ye shall be offended because of me this night: for it is written, I will smite the shepherd, and the sheep shall be scattered."
165,"Mal 1:2,3",Ro 9:13,"As it is written, Jacob have I loved, but Esau have I hated."
19,Mal 3:1,Mt 11:10,"For this is he, of whom it is written, Behold, I send my messenger before thy face, which shall prepare thy way before thee."
49,Mal 3:1,"Mr 1:2,3","As it is written in the prophets, Behold, I send my messenger before thy face, which shall prepare thy way before thee."
82,Mal 3:1,Lu 7:27,"This is he, of whom it is written, Behold, I send my messenger before thy face, which shall prepare thy way before thee."
72,"Mal 4:5,6",Lu 1:17,"And he shall go before him in the spirit and power of Elias, to turn the hearts of the fathers to the children, and the disobedient to the wisdom of the just; to make ready a people prepared for the Lord."
