nt_ref,nt_text,ot_ref,ot_text
Mt 1:23,"Behold, a virgin shall be with child, and shall bring forth a son, and they shall call his name Emmanuel, which being interpreted is, God with us.",Isa 7:14,"Therefore the Lord himself shall give you a sign; Behold, a virgin shall conceive, and bear a son, and shall call his name Immanuel."
Mt 2:6,"And thou Bethlehem, in the land of Juda, art not the least among the princes of Juda: for out of thee shall come a Governor, that shall rule my people Israel.",Mic 5:2,"But thou, Bethlehem Ephratah, though thou be little among the thousands of Judah, yet out of thee shall he come forth unto me that is to be ruler in Israel; whose goings forth have been from of old, from everlasting."
Mt 2:15,"And was there until the death of Herod: that it might be fulfilled which was spoken of the Lord by the prophet, saying, Out of Egypt have I called my son.",Ho 11:1,"When Israel was a child, then I loved him, and called my son out of Egypt."
Mt 2:18,"In Rama was there a voice heard, lamentation, and weeping, and great mourning, Rachel weeping for her children, and would not be comforted, because they are not.",Jer 31:15,"Thus saith the LORD; A voice was heard in Ramah, lamentation, and bitter weeping; Rahel weeping for her children refused to be comforted for her children, because they were not."
Mt 3:3,"For this is he that was spoken of by the prophet Esaias, saying, The voice of one crying in the wilderness, Prepare ye the way of the Lord, make his paths straight.",Isa 40:3,"The voice of him that crieth in the wilderness, Prepare ye the way of the LORD, make straight in the desert a highway for our God."
Mt 4:4,"But he answered and said, It is written, Man shall not live by bread alone, but by every word that proceedeth out of the mouth of God.",De 8:3,"And he humbled thee, and suffered thee to hunger, and fed thee with manna, which thou knewest not, neither did thy fathers know; that he might make thee know that man doth not live by bread only, but by every word that proceedeth out of the mouth of the LORD doth man live."
Mt 4:6,"And saith unto him, If thou be the Son of God, cast thyself down: for it is written, He shall give his angels charge concerning thee: and in their hands they shall bear thee up, lest at any time thou dash thy foot against a stone.","Ps 91:11,12","For he shall give his angels charge over thee, to keep thee in all thy ways."
Mt 4:7,"Jesus said unto him, It is written again, Thou shalt not tempt the Lord thy God.",De 6:16,"Ye shall not tempt the LORD your God, as ye tempted him in Massah."
Mt 4:10,"Then saith Jesus unto him, Get thee hence, Satan: for it is written, Thou shalt worship the Lord thy God, and him only shalt thou serve.",De 6:13,"Thou shalt fear the LORD thy God, and serve him, and shalt swear by his name."
Mt 4:10,"Then saith Jesus unto him, Get thee hence, Satan: for it is written, Thou shalt worship the Lord thy God, and him only shalt thou serve.",De 10:20,"Thou shalt fear the LORD thy God; him shalt thou serve, and to him shalt thou cleave, and swear by his name."
"Mt 4:15,16","The land of Zabulon, and the land of Nephthalim, by the way of the sea, beyond Jordan, Galilee of the Gentiles;","Isa 9:1,2","Nevertheless the dimness shall not be such as was in her vexation, when at the first he lightly afflicted the land of Zebulun and the land of Naphtali, and afterward did more grievously afflict her by the way of the sea, beyond Jordan, in Galilee of the nations."
"Mt 4:15,16","The land of Zabulon, and the land of Nephthalim, by the way of the sea, beyond Jordan, Galilee of the Gentiles;",Isa 42:7,"To open the blind eyes, to bring out the prisoners from the prison, and them that sit in darkness out of the prison house."
Mt 5:21,"Ye have heard that it was said of them of old time, Thou shalt not kill; and whosoever shall kill shall be in danger of the judgment:",De 5:17,Thou shalt not kill.
Mt 5:27,"Ye have heard that it was said by them of old time, Thou shalt not commit adultery:",De 5:18,Neither shalt thou commit adultery.
Mt 5:38,"Ye have heard that it hath been said, An eye for an eye, and a tooth for a tooth:",De 19:21,"And thine eye shall not pity; but life shall go for life, eye for eye, tooth for tooth, hand for hand, foot for foot."
Mt 5:48,"Be ye therefore perfect, even as your Father which is in heaven is perfect.",Ge 17:1,"And when Abram was ninety years old and nine, the LORD appeared to Abram, and said unto him, I am the Almighty God; walk before me, and be thou perfect."
Mt 7:23,"And then will I profess unto them, I never knew you: depart from me, ye that work iniquity.",Ps 6:8,"Depart from me, all ye workers of iniquity; for the LORD hath heard the voice of my weeping."
Mt 8:17,"That it might be fulfilled which was spoken by Esaias the prophet, saying, Himself took our infirmities, and bare our sicknesses.",Isa 53:4,"Surely he hath borne our griefs, and carried our sorrows: yet we did esteem him stricken, smitten of God, and afflicted."
Mt 9:13,"But go ye and learn what that meaneth, I will have mercy, and not sacrifice: for I am not come to call the righteous, but sinners to repentance.",Ho 6:6,"For I desired mercy, and not sacrifice; and the knowledge of God more than burnt offerings."
Mt 11:10,"For this is he, of whom it is written, Behold, I send my messenger before thy face, which shall prepare thy way before thee.",Mal 3:1,"Behold, I will send my messenger, and he shall prepare the way before me: and the LORD, whom ye seek, shall suddenly come to his temple, even the messenger of the covenant, whom ye delight in: behold, he shall come, saith the LORD of hosts."
Mt 12:7,"But if ye had known what this meaneth, I will have mercy, and not sacrifice, ye would not have condemned the guiltless.",Ho 6:6,"For I desired mercy, and not sacrifice; and the knowledge of God more than burnt offerings."
Mt 12:18,"Behold my servant, whom I have chosen; my beloved, in whom my soul is well pleased: I will put my spirit upon him, and he shall shew judgment to the Gentiles.",Isa 42:1,"Behold my servant, whom I uphold; mine elect, in whom my soul delighteth; I have put my spirit upon him: he shall bring forth judgment to the Gentiles."
Mt 12:18-21,"Behold my servant, whom I have chosen; my beloved, in whom my soul is well pleased: I will put my spirit upon him, and he shall shew judgment to the Gentiles.",Isa 42:1-4,"Behold my servant, whom I uphold; mine elect, in whom my soul delighteth; I have put my spirit upon him: he shall bring forth judgment to the Gentiles."
Mt 13:14,"And in them is fulfilled the prophecy of Esaias, which saith, By hearing ye shall hear, and shall not understand; and seeing ye shall see, and shall not perceive:","Isa 6:9,10","And he said, Go, and tell this people, Hear ye indeed, but understand not; and see ye indeed, but perceive not."
Mt 13:35,"That it might be fulfilled which was spoken by the prophet, saying, I will open my mouth in parables; I will utter things which have been kept secret from the foundation of the world.",Ps 78:2,I will open my mouth in a parable: I will utter dark sayings of old:
Mt 15:4,"For God commanded, saying, Honour thy father and mother: and, He that curseth father or mother, let him die the death.",Ex 20:12,Honor thy father and thy mother: that thy days may be long upon the land which the LORD thy God giveth thee.
Mt 15:4,"For God commanded, saying, Honour thy father and mother: and, He that curseth father or mother, let him die the death.",De 5:16,"Honor thy father and thy mother, as the LORD thy God hath commanded thee; that thy days may be prolonged, and that it may go well with thee, in the land which the LORD thy God giveth thee."
Mt 15:4,"For God commanded, saying, Honour thy father and mother: and, He that curseth father or mother, let him die the death.",Ex 21:17,"And he that curseth his father, or his mother, shall surely be put to death."
"Mt 15:8,9","This people draweth nigh unto me with their mouth, and honoureth me with their lips; but their heart is far from me.",Isa 29:13,"Wherefore the Lord said, Forasmuch as this people draw near me with their mouth, and with their lips do honour me, but have removed their heart far from me, and their fear toward me is taught by the precept of men:"
Mt 19:5,"And said, For this cause shall a man leave father and mother, and shall cleave to his wife: and they twain shall be one flesh?",Ge 2:24,"Therefore shall a man leave his father and his mother, and shall cleave unto his wife: and they shall be one flesh."
Mt 19:18,"He saith unto him, Which? Jesus said, Thou shalt do no murder, Thou shalt not commit adultery, Thou shalt not steal, Thou shalt not bear false witness,",Ex 20:12-16,Honor thy father and thy mother: that thy days may be long upon the land which the LORD thy God giveth thee.
Mt 19:19,"Honour thy father and thy mother: and, Thou shalt love thy neighbour as thyself.",Le 19:18,"Thou shalt not avenge, nor bear any grudge against the children of thy people, but thou shalt love thy neighbor as thyself: I am the LORD."
Mt 21:5,"Tell ye the daughter of Sion, Behold, thy King cometh unto thee, meek, and sitting upon an ass, and a colt the foal of an ass.",Zec 9:9,"Rejoice greatly, O daughter of Zion; shout, O daughter of Jerusalem: behold, thy King cometh unto thee: he is just, and having salvation; lowly, and riding upon an ass, and upon a colt the foal of an ass."
Mt 21:9,"And the multitudes that went before, and that followed, cried, saying, Hosanna to the son of David: Blessed is he that cometh in the name of the Lord; Hosanna in the highest.",Ps 118:26,Blessed be he that cometh in the name of the LORD: we have blessed you out of the house of the LORD.
Mt 21:13,"And said unto them, It is written, My house shall be called the house of prayer; but ye have made it a den of thieves.",Isa 56:7,"Even them will I bring to my holy mountain, and make them joyful in my house of prayer: their burnt offerings and their sacrifices shall be accepted upon mine altar; for mine house shall be called an house of prayer for all people."
Mt 21:13,"And said unto them, It is written, My house shall be called the house of prayer; but ye have made it a den of thieves.",Jer 7:11,"Is this house, which is called by my name, become a den of robbers in your eyes? Behold, even I have seen it, saith the LORD."
Mt 21:16,"And said unto him, Hearest thou what these say? And Jesus saith unto them, Yea; have ye never read, Out of the mouth of babes and sucklings thou hast perfected praise?",Ps 8:2,"Out of the mouth of babes and sucklings hast thou ordained strength because of thine enemies, that thou mightest still the enemy and the avenger."
Mt 21:42,"Jesus saith unto them, Did ye never read in the scriptures, The stone which the builders rejected, the same is become the head of the corner: this is the Lord's doing, and it is marvellous in our eyes?","Ps 118:22,23",The stone which the builders refused is become the head stone of the corner.
Mt 22:24,"Saying, Master, Moses said, If a man die, having no children, his brother shall marry his wife, and raise up seed unto his brother.",De 25:5,"If brethren dwell together, and one of them die, and have no child, the wife of the dead shall not marry without unto a stranger: her husband's brother shall go in unto her, and take her to him to wife, and perform the duty of an husband's brother unto her."
Mt 22:32,"I am the God of Abraham, and the God of Isaac, and the God of Jacob? God is not the God of the dead, but of the living.",Ex 3:6,"Moreover he said, I am the God of thy father, the God of Abraham, the God of Isaac, and the God of Jacob. And Moses hid his face; for he was afraid to look upon God."
Mt 22:37,"Jesus said unto him, Thou shalt love the Lord thy God with all thy heart, and with all thy soul, and with all thy mind.",De 6:5,"And thou shalt love the LORD thy God with all thine heart, and with all thy soul, and with all thy might."
Mt 22:39,"And the second is like unto it, Thou shalt love thy neighbour as thyself.",Le 19:18,"Thou shalt not avenge, nor bear any grudge against the children of thy people, but thou shalt love thy neighbor as thyself: I am the LORD."
Mt 22:44,"The LORD said unto my Lord, Sit thou on my right hand, till I make thine enemies thy footstool?",Ps 110:1,"The LORD said unto my Lord, Sit thou at my right hand, until I make thine enemies thy footstool."
Mt 24:21,"For then shall be great tribulation, such as was not since the beginning of the world to this time, no, nor ever shall be.",Jer 30:7,"Alas! for that day is great, so that none is like it: it is even the time of Jacob's trouble, but he shall be saved out of it."
Mt 25:41,"Then shall he say also unto them on the left hand, Depart from me, ye cursed, into everlasting fire, prepared for the devil and his angels:",Ps 6:8,"Depart from me, all ye workers of iniquity; for the LORD hath heard the voice of my weeping."
Mt 26:31,"Then saith Jesus unto them, All ye shall be offended because of me this night: for it is written, I will smite the shepherd, and the sheep of the flock shall be scattered abroad.",Zec 13:7,"Awake, O sword, against my shepherd, and against the man that is my fellow, saith the LORD of hosts: smite the shepherd, and the sheep shall be scattered: and I will turn mine hand upon the little ones."
"Mt 27:9,10","Then was fulfilled that which was spoken by Jeremy the prophet, saying, And they took the thirty pieces of silver, the price of him that was valued, whom they of the children of Israel did value;",Zec 11:13,"And the LORD said unto me, Cast it unto the potter: a goodly price that I was prised at of them. And I took the thirty pieces of silver, and cast them to the potter in the house of the LORD."
Mt 27:35,"And they crucified him, and parted his garments, casting lots: that it might be fulfilled which was spoken by the prophet, They parted my garments among them, and upon my vesture did they cast lots.",Ps 22:18,"They part my garments among them, and cast lots upon my vesture."
Mt 27:46,"And about the ninth hour Jesus cried with a loud voice, saying, Eli, Eli, lama sabachthani? that is to say, My God, my God, why hast thou forsaken me?",Ps 22:1,"My God, my God, why hast thou forsaken me? why art thou so far from helping me, and from the words of my roaring?"
"Mr 1:2,3","As it is written in the prophets, Behold, I send my messenger before thy face, which shall prepare thy way before thee.",Mal 3:1,"Behold, I will send my messenger, and he shall prepare the way before me: and the LORD, whom ye seek, shall suddenly come to his temple, even the messenger of the covenant, whom ye delight in: behold, he shall come, saith the LORD of hosts."
"Mr 1:2,3","As it is written in the prophets, Behold, I send my messenger before thy face, which shall prepare thy way before thee.",Isa 40:3,"The voice of him that crieth in the wilderness, Prepare ye the way of the LORD, make straight in the desert a highway for our God."
Mr 4:12,"That seeing they may see, and not perceive; and hearing they may hear, and not understand; lest at any time they should be converted, and their sins should be forgiven them.",Isa 6:9,"And he said, Go, and tell this people, Hear ye indeed, but understand not; and see ye indeed, but perceive not."
"Mr 7:6,7","He answered and said unto them, Well hath Esaias prophesied of you hypocrites, as it is written, This people honoureth me with their lips, but their heart is far from me.",Isa 29:13,"Wherefore the Lord said, Forasmuch as this people draw near me with their mouth, and with their lips do honour me, but have removed their heart far from me, and their fear toward me is taught by the precept of men:"
Mr 7:10,"For Moses said, Honour thy father and thy mother; and, Whoso curseth father or mother, let him die the death:",Ex 20:12,Honor thy father and thy mother: that thy days may be long upon the land which the LORD thy God giveth thee.
Mr 7:10,"For Moses said, Honour thy father and thy mother; and, Whoso curseth father or mother, let him die the death:",De 5:16,"Honor thy father and thy mother, as the LORD thy God hath commanded thee; that thy days may be prolonged, and that it may go well with thee, in the land which the LORD thy God giveth thee."
Mr 7:10,"For Moses said, Honour thy father and thy mother; and, Whoso curseth father or mother, let him die the death:",Ex 21:17,"And he that curseth his father, or his mother, shall surely be put to death."
Mr 7:10,"For Moses said, Honour thy father and thy mother; and, Whoso curseth father or mother, let him die the death:",Pr 20:20,"Whoso curseth his father or his mother, his lamp shall be put out in obscure darkness."
Mr 10:6,But from the beginning of the creation God made them male and female.,Ge 1:27,"So God created man in his own image, in the image of God created he him; male and female created he them."
Mr 10:7,"For this cause shall a man leave his father and mother, and cleave to his wife;",Ge 2:24,"Therefore shall a man leave his father and his mother, and shall cleave unto his wife: and they shall be one flesh."
Mr 10:19,"Thou knowest the commandments, Do not commit adultery, Do not kill, Do not steal, Do not bear false witness, Defraud not, Honour thy father and mother.","Ex 20:12,13,14",Honor thy father and thy mother: that thy days may be long upon the land which the LORD thy God giveth thee.
Mr 11:9,"And they that went before, and they that followed, cried, saying, Hosanna; Blessed is he that cometh in the name of the Lord:",Ps 118:26,Blessed be he that cometh in the name of the LORD: we have blessed you out of the house of the LORD.
Mr 11:17,"And he taught, saying unto them, Is it not written, My house shall be called of all nations the house of prayer? but ye have made it a den of thieves.",Isa 56:7,"Even them will I bring to my holy mountain, and make them joyful in my house of prayer: their burnt offerings and their sacrifices shall be accepted upon mine altar; for mine house shall be called an house of prayer for all people."
Mr 11:17,"And he taught, saying unto them, Is it not written, My house shall be called of all nations the house of prayer? but ye have made it a den of thieves.",Jer 7:11,"Is this house, which is called by my name, become a den of robbers in your eyes? Behold, even I have seen it, saith the LORD."
"Mr 12:10,11",And have ye not read this scripture; The stone which the builders rejected is become the head of the corner:,"Ps 118:22,23",The stone which the builders refused is become the head stone of the corner.
Mr 12:19,"Master, Moses wrote unto us, If a man's brother die, and leave his wife behind him, and leave no children, that his brother should take his wife, and raise up seed unto his brother.",De 25:5,"If brethren dwell together, and one of them die, and have no child, the wife of the dead shall not marry without unto a stranger: her husband's brother shall go in unto her, and take her to him to wife, and perform the duty of an husband's brother unto her."
Mr 12:26,"And as touching the dead, that they rise: have ye not read in the book of Moses, how in the bush God spake unto him, saying, I am the God of Abraham, and the God of Isaac, and the God of Jacob?",Ex 3:6,"Moreover he said, I am the God of thy father, the God of Abraham, the God of Isaac, and the God of Jacob. And Moses hid his face; for he was afraid to look upon God."
"Mr 12:29,30","And Jesus answered him, The first of all the commandments is, Hear, O Israel; The Lord our God is one Lord:","De 6:4,5","Hear, O Israel: The LORD our God is one LORD:"
Mr 12:31,"And the second is like, namely this, Thou shalt love thy neighbour as thyself. There is none other commandment greater than these.",Le 19:18,"Thou shalt not avenge, nor bear any grudge against the children of thy people, but thou shalt love thy neighbor as thyself: I am the LORD."
Mr 12:36,"For David himself said by the Holy Ghost, The LORD said to my Lord, Sit thou on my right hand, till I make thine enemies thy footstool.",Ps 110:1,"The LORD said unto my Lord, Sit thou at my right hand, until I make thine enemies thy footstool."
Mr 14:27,"And Jesus saith unto them, All ye shall be offended because of me this night: for it is written, I will smite the shepherd, and the sheep shall be scattered.",Zec 13:7,"Awake, O sword, against my shepherd, and against the man that is my fellow, saith the LORD of hosts: smite the shepherd, and the sheep shall be scattered: and I will turn mine hand upon the little ones."
Mr 15:28,"And the scripture was fulfilled, which saith, And he was numbered with the transgressors.",Isa 53:12,"Therefore will I divide him a portion with the great, and he shall divide the spoil with the strong; because he hath poured out his soul unto death: and he was numbered with the transgressors; and he bare the sin of many, and made intercession for the transgressors."
Mr 15:34,"And at the ninth hour Jesus cried with a loud voice, saying, Eloi, Eloi, lama sabachthani? which is, being interpreted, My God, my God, why hast thou forsaken me?",Ps 22:1,"My God, my God, why hast thou forsaken me? why art thou so far from helping me, and from the words of my roaring?"
Lu 1:17,"And he shall go before him in the spirit and power of Elias, to turn the hearts of the fathers to the children, and the disobedient to the wisdom of the just; to make ready a people prepared for the Lord.","Mal 4:5,6","Behold, I will send you Elijah the prophet before the coming of the great and dreadful day of the LORD:"
Lu 2:23,"(As it is written in the law of the LORD, Every male that openeth the womb shall be called holy to the Lord;)",Ex 13:2,"Sanctify unto me all the firstborn, whatsoever openeth the womb among the children of Israel, both of man and of beast: it is mine."
Lu 2:24,"And to offer a sacrifice according to that which is said in the law of the Lord, A pair of turtledoves, or two young pigeons.",Le 12:8,"And if she be not able to bring a lamb, then she shall bring two turtles, or two young pigeons; the one for the burnt offering, and the other for a sin offering: and the priest shall make an atonement for her, and she shall be clean."
"Lu 3:4,5,6","As it is written in the book of the words of Esaias the prophet, saying, The voice of one crying in the wilderness, Prepare ye the way of the Lord, make his paths straight.","Isa 40:3,4,5","The voice of him that crieth in the wilderness, Prepare ye the way of the LORD, make straight in the desert a highway for our God."
Lu 4:4,"And Jesus answered him, saying, It is written, That man shall not live by bread alone, but by every word of God.",De 8:3,"And he humbled thee, and suffered thee to hunger, and fed thee with manna, which thou knewest not, neither did thy fathers know; that he might make thee know that man doth not live by bread only, but by every word that proceedeth out of the mouth of the LORD doth man live."
Lu 4:8,"And Jesus answered and said unto him, Get thee behind me, Satan: for it is written, Thou shalt worship the Lord thy God, and him only shalt thou serve.",De 6:13,"Thou shalt fear the LORD thy God, and serve him, and shalt swear by his name."
Lu 4:8,"And Jesus answered and said unto him, Get thee behind me, Satan: for it is written, Thou shalt worship the Lord thy God, and him only shalt thou serve.",De 10:20,"Thou shalt fear the LORD thy God; him shalt thou serve, and to him shalt thou cleave, and swear by his name."
"Lu 4:10,11","For it is written, He shall give his angels charge over thee, to keep thee:","Ps 91:11,12","For he shall give his angels charge over thee, to keep thee in all thy ways."
Lu 4:12,"And Jesus answering said unto him, It is said, Thou shalt not tempt the Lord thy God.",De 6:16,"Ye shall not tempt the LORD your God, as ye tempted him in Massah."
"Lu 4:18,19","The Spirit of the Lord is upon me, because he hath anointed me to preach the gospel to the poor; he hath sent me to heal the brokenhearted, to preach deliverance to the captives, and recovering of sight to the blind, to set at liberty them that are bruised,","Isa 61:1,2","The Spirit of the Lord GOD is upon me; because the LORD hath anointed me to preach good tidings unto the meek; he hath sent me to bind up the brokenhearted, to proclaim liberty to the captives, and the opening of the prison to them that are bound;"
Lu 7:27,"This is he, of whom it is written, Behold, I send my messenger before thy face, which shall prepare thy way before thee.",Mal 3:1,"Behold, I will send my messenger, and he shall prepare the way before me: and the LORD, whom ye seek, shall suddenly come to his temple, even the messenger of the covenant, whom ye delight in: behold, he shall come, saith the LORD of hosts."
Lu 8:10,"And he said, Unto you it is given to know the mysteries of the kingdom of God: but to others in parables; that seeing they might not see, and hearing they might not understand.",Isa 6:9,"And he said, Go, and tell this people, Hear ye indeed, but understand not; and see ye indeed, but perceive not."
Lu 10:27,"And he answering said, Thou shalt love the Lord thy God with all thy heart, and with all thy soul, and with all thy strength, and with all thy mind; and thy neighbour as thyself.",De 6:5,"And thou shalt love the LORD thy God with all thine heart, and with all thy soul, and with all thy might."
Lu 10:27,"And he answering said, Thou shalt love the Lord thy God with all thy heart, and with all thy soul, and with all thy strength, and with all thy mind; and thy neighbour as thyself.",Le 19:18,"Thou shalt not avenge, nor bear any grudge against the children of thy people, but thou shalt love thy neighbor as thyself: I am the LORD."
Lu 13:27,"But he shall say, I tell you, I know you not whence ye are; depart from me, all ye workers of iniquity.",Ps 6:8,"Depart from me, all ye workers of iniquity; for the LORD hath heard the voice of my weeping."
Lu 18:20,"Thou knowest the commandments, Do not commit adultery, Do not kill, Do not steal, Do not bear false witness, Honour thy father and thy mother.",Ex 20:12-16,Honor thy father and thy mother: that thy days may be long upon the land which the LORD thy God giveth thee.
Lu 18:20,"Thou knowest the commandments, Do not commit adultery, Do not kill, Do not steal, Do not bear false witness, Honour thy father and thy mother.",De 5:16-20,"Honor thy father and thy mother, as the LORD thy God hath commanded thee; that thy days may be prolonged, and that it may go well with thee, in the land which the LORD thy God giveth thee."
Lu 19:46,"Saying unto them, It is written, My house is the house of prayer: but ye have made it a den of thieves.",Isa 56:7,"Even them will I bring to my holy mountain, and make them joyful in my house of prayer: their burnt offerings and their sacrifices shall be accepted upon mine altar; for mine house shall be called an house of prayer for all people."
Lu 19:46,"Saying unto them, It is written, My house is the house of prayer: but ye have made it a den of thieves.",Jer 7:11,"Is this house, which is called by my name, become a den of robbers in your eyes? Behold, even I have seen it, saith the LORD."
Lu 20:17,"And he beheld them, and said, What is this then that is written, The stone which the builders rejected, the same is become the head of the corner?","Ps 118:22,23",The stone which the builders refused is become the head stone of the corner.
Lu 20:28,"Saying, Master, Moses wrote unto us, If any man's brother die, having a wife, and he die without children, that his brother should take his wife, and raise up seed unto his brother.",De 25:5,"If brethren dwell together, and one of them die, and have no child, the wife of the dead shall not marry without unto a stranger: her husband's brother shall go in unto her, and take her to him to wife, and perform the duty of an husband's brother unto her."
"Lu 20:42,43","And David himself saith in the book of Psalms, The LORD said unto my Lord, Sit thou on my right hand,",Ps 110:1,"The LORD said unto my Lord, Sit thou at my right hand, until I make thine enemies thy footstool."
Lu 22:37,"For I say unto you, that this that is written must yet be accomplished in me, And he was reckoned among the transgressors: for the things concerning me have an end.",Isa 53:12,"Therefore will I divide him a portion with the great, and he shall divide the spoil with the strong; because he hath poured out his soul unto death: and he was numbered with the transgressors; and he bare the sin of many, and made intercession for the transgressors."
Lu 23:46,"And when Jesus had cried with a loud voice, he said, Father, into thy hands I commend my spirit: and having said thus, he gave up the ghost.",Ps 31:5,"Into thine hand I commit my spirit: thou hast redeemed me, O LORD God of truth."
Joh 1:23,"He said, I am the voice of one crying in the wilderness, Make straight the way of the Lord, as said the prophet Esaias.",Isa 40:3,"The voice of him that crieth in the wilderness, Prepare ye the way of the LORD, make straight in the desert a highway for our God."
Joh 2:17,"And his disciples remembered that it was written, The zeal of thine house hath eaten me up.",Ps 69:9,For the zeal of thine house hath eaten me up; and the reproaches of them that reproached thee are fallen upon me.
Joh 6:31,"Our fathers did eat manna in the desert; as it is written, He gave them bread from heaven to eat.",Ps 78:24,"And had rained down manna upon them to eat, and had given them of the corn of heaven."
Joh 6:45,"It is written in the prophets, And they shall be all taught of God. Every man therefore that hath heard, and hath learned of the Father, cometh unto me.",Isa 54:13,And all thy children shall be taught of the LORD; and great shall be the peace of thy children.
Joh 8:17,"It is also written in your law, that the testimony of two men is true.",De 19:15,"One witness shall not rise up against a man for any iniquity, or for any sin, in any sin that he sinneth: at the mouth of two witnesses, or at the mouth of three witnesses, shall the matter be established."
Joh 9:31,"Now we know that God heareth not sinners: but if any man be a worshipper of God, and doeth his will, him he heareth.",Ps 82:6,"I have said, Ye are gods; and all of you are children of the most High."
"Joh 12:14,15","And Jesus, when he had found a young ass, sat thereon; as it is written,",Zec 9:9,"Rejoice greatly, O daughter of Zion; shout, O daughter of Jerusalem: behold, thy King cometh unto thee: he is just, and having salvation; lowly, and riding upon an ass, and upon a colt the foal of an ass."
Joh 12:38,"That the saying of Esaias the prophet might be fulfilled, which he spake, Lord, who hath believed our report? and to whom hath the arm of the Lord been revealed?",Isa 53:1,Who hath believed our report? and to whom is the arm of the LORD revealed?
Joh 12:40,"He hath blinded their eyes, and hardened their heart; that they should not see with their eyes, nor understand with their heart, and be converted, and I should heal them.",Isa 6:9,"And he said, Go, and tell this people, Hear ye indeed, but understand not; and see ye indeed, but perceive not."
Joh 13:18,"I speak not of you all: I know whom I have chosen: but that the scripture may be fulfilled, He that eateth bread with me hath lifted up his heel against me.",Ps 41:9,"Yea, mine own familiar friend, in whom I trusted, which did eat of my bread, hath lifted up his heel against me."
Joh 15:25,"But this cometh to pass, that the word might be fulfilled that is written in their law, They hated me without a cause.",Ps 69:4,"They that hate me without a cause are more than the hairs of mine head: they that would destroy me, being mine enemies wrongfully, are mighty: then I restored that which I took not away."
Joh 15:25,"But this cometh to pass, that the word might be fulfilled that is written in their law, They hated me without a cause.",Ps 109:3,They compassed me about also with words of hatred; and fought against me without a cause.
Joh 15:25,"But this cometh to pass, that the word might be fulfilled that is written in their law, They hated me without a cause.",Ps 35:19,Let not them that are mine enemies wrongfully rejoice over me: neither let them wink with the eye that hate me without a cause.
Joh 19:24,"They said therefore among themselves, Let us not rend it, but cast lots for it, whose it shall be: that the scripture might be fulfilled, which saith, They parted my raiment among them, and for my vesture they did cast lots. These things therefore the soldiers did.",Ps 22:19,"But be not thou far from me, O LORD: O my strength, haste thee to help me."
Joh 19:36,"For these things were done, that the scripture should be fulfilled, A bone of him shall not be broken.",Ex 12:46,In one house shall it be eaten; thou shalt not carry forth ought of the flesh abroad out of the house; neither shall ye break a bone thereof.
Joh 19:36,"For these things were done, that the scripture should be fulfilled, A bone of him shall not be broken.",Ps 34:20,He keepeth all his bones: not one of them is broken.
Joh 19:37,"And again another scripture saith, They shall look on him whom they pierced.",Zec 12:10,"And I will pour upon the house of David, and upon the inhabitants of Jerusalem, the spirit of grace and of supplications: and they shall look upon me whom they have pierced, and they shall mourn for him, as one mourneth for his only son, and shall be in bitterness for him, as one that is in bitterness for his firstborn."
Ac 1:20,"For it is written in the book of Psalms, Let his habitation be desolate, and let no man dwell therein: and his bishoprick let another take.",Ps 69:25,Let their habitation be desolate; and let none dwell in their tents.
Ac 1:20,"For it is written in the book of Psalms, Let his habitation be desolate, and let no man dwell therein: and his bishoprick let another take.",Ps 109:8,Let his days be few; and let another take his office.
Ac 2:17-21,"And it shall come to pass in the last days, saith God, I will pour out of my Spirit upon all flesh: and your sons and your daughters shall prophesy, and your young men shall see visions, and your old men shall dream dreams:",Joe 2:28-32,"And it shall come to pass afterward, that I will pour out my spirit upon all flesh; and your sons and your daughters shall prophesy, your old men shall dream dreams, your young men shall see visions:"
Ac 2:25-28,"For David speaketh concerning him, I foresaw the Lord always before my face, for he is on my right hand, that I should not be moved:",Ps 16:8-10,"I have set the LORD always before me: because he is at my right hand, I shall not be moved."
Ac 2:31,"He seeing this before spake of the resurrection of Christ, that his soul was not left in hell, neither his flesh did see corruption.",Ps 16:10,For thou wilt not leave my soul in hell; neither wilt thou suffer thine Holy One to see corruption.
Ac 2:34,"For David is not ascended into the heavens: but he saith himself, The Lord said unto my Lord, Sit thou on my right hand,",Ps 110:1,"The LORD said unto my Lord, Sit thou at my right hand, until I make thine enemies thy footstool."
"Ac 3:22,23","For Moses truly said unto the fathers, A prophet shall the Lord your God raise up unto you of your brethren, like unto me; him shall ye hear in all things whatsoever he shall say unto you.","De 18:15,18,19","The LORD thy God will raise up unto thee a Prophet from the midst of thee, of thy brethren, like unto me; unto him ye shall hearken;"
Ac 3:25,"Ye are the children of the prophets, and of the covenant which God made with our fathers, saying unto Abraham, And in thy seed shall all the kindreds of the earth be blessed.",Ge 22:18,And in thy seed shall all the nations of the earth be blessed; because thou hast obeyed my voice.
Ac 4:11,"This is the stone which was set at nought of you builders, which is become the head of the corner.","Ps 118:22,23",The stone which the builders refused is become the head stone of the corner.
"Ac 4:25,26","Who by the mouth of thy servant David hast said, Why did the heathen rage, and the people imagine vain things?","Ps 2:1,2","Why do the heathen rage, and the people imagine a vain thing?"
Ac 7:3,"And said unto him, Get thee out of thy country, and from thy kindred, and come into the land which I shall shew thee.",Ge 12:1,"Now the LORD had said unto Abram, Get thee out of thy country, and from thy kindred, and from thy father's house, unto a land that I will show thee:"
"Ac 7:6,7","And God spake on this wise, That his seed should sojourn in a strange land; and that they should bring them into bondage, and entreat them evil four hundred years.","Ge 15:13,14","And he said unto Abram, Know of a surety that thy seed shall be a stranger in a land that is not theirs, and shall serve them; and they shall afflict them four hundred years;"
Ac 7:26,"And the next day he shewed himself unto them as they strove, and would have set them at one again, saying, Sirs, ye are brethren; why do ye wrong one to another?","Ex 2:13,14","And when he went out the second day, behold, two men of the Hebrews strove together: and he said to him that did the wrong, Wherefore smitest thou thy fellow?"
Ac 7:32,"Saying, I am the God of thy fathers, the God of Abraham, and the God of Isaac, and the God of Jacob. Then Moses trembled, and durst not behold.",Ex 3:6,"Moreover he said, I am the God of thy father, the God of Abraham, the God of Isaac, and the God of Jacob. And Moses hid his face; for he was afraid to look upon God."
"Ac 7:33,34","Then said the Lord to him, Put off thy shoes from thy feet: for the place where thou standest is holy ground.","Ex 3:5,7,8,10","And he said, Draw not nigh hither: put off thy shoes from off thy feet, for the place whereon thou standest is holy ground."
Ac 7:35,"This Moses whom they refused, saying, Who made thee a ruler and a judge? the same did God send to be a ruler and a deliverer by the hand of the angel which appeared to him in the bush.",Ex 2:14,"And he said, Who made thee a prince and a judge over us? intendest thou to kill me, as thou killedst the Egyptian? And Moses feared, and said, Surely this thing is known."
Ac 7:37,"This is that Moses, which said unto the children of Israel, A prophet shall the Lord your God raise up unto you of your brethren, like unto me; him shall ye hear.",De 18:15,"The LORD thy God will raise up unto thee a Prophet from the midst of thee, of thy brethren, like unto me; unto him ye shall hearken;"
Ac 7:40,"Saying unto Aaron, Make us gods to go before us: for as for this Moses, which brought us out of the land of Egypt, we wot not what is become of him.",Ex 32:1,"And when the people saw that Moses delayed to come down out of the mount, the people gathered themselves together unto Aaron, and said unto him, Up, make us gods, which shall go before us; for as for this Moses, the man that brought us up out of the land of Egypt, we wot not what is become of him."
"Ac 7:49,50","Heaven is my throne, and earth is my footstool: what house will ye build me? saith the Lord: or what is the place of my rest?","Isa 66:1,2","Thus saith the LORD, The heaven is my throne, and the earth is my footstool: where is the house that ye build unto me? and where is the place of my rest?"
"Ac 8:32,33","The place of the scripture which he read was this, He was led as a sheep to the slaughter; and like a lamb dumb before his shearer, so opened he not his mouth:","Isa 53:7,8","He was oppressed, and he was afflicted, yet he opened not his mouth: he is brought as a lamb to the slaughter, and as a sheep before her shearers is dumb, so he openeth not his mouth."
Ac 13:22,"And when he had removed him, he raised up unto them David to be their king; to whom also he gave their testimony, and said, I have found David the son of Jesse, a man after mine own heart, which shall fulfil all my will.",1Sa 13:14,"But now thy kingdom shall not continue: the LORD hath sought him a man after his own heart, and the LORD hath commanded him to be captain over his people, because thou hast not kept that which the LORD commanded thee."
Ac 13:22,"And when he had removed him, he raised up unto them David to be their king; to whom also he gave their testimony, and said, I have found David the son of Jesse, a man after mine own heart, which shall fulfil all my will.",Ps 89:20,I have found David my servant; with my holy oil have I anointed him:
Ac 13:33,"God hath fulfilled the same unto us their children, in that he hath raised up Jesus again; as it is also written in the second psalm, Thou art my Son, this day have I begotten thee.",Ps 2:7,"I will declare the decree: the LORD hath said unto me, Thou art my Son; this day have I begotten thee."
Ac 13:34,"And as concerning that he raised him up from the dead, now no more to return to corruption, he said on this wise, I will give you the sure mercies of David.",Ps 55:3,"Because of the voice of the enemy, because of the oppression of the wicked: for they cast iniquity upon me, and in wrath they hate me."
Ac 13:35,"Wherefore he saith also in another psalm, Thou shalt not suffer thine Holy One to see corruption.",Ps 16:10,For thou wilt not leave my soul in hell; neither wilt thou suffer thine Holy One to see corruption.
Ac 13:41,"Behold, ye despisers, and wonder, and perish: for I work a work in your days, a work which ye shall in no wise believe, though a man declare it unto you.",Hab 1:5,"Behold ye among the heathen, and regard, and wonder marvelously: for I will work a work in your days which ye will not believe, though it be told you."
Ac 13:47,"For so hath the Lord commanded us, saying, I have set thee to be a light of the Gentiles, that thou shouldest be for salvation unto the ends of the earth.",Isa 49:6,"And he said, It is a light thing that thou shouldest be my servant to raise up the tribes of Jacob, and to restore the preserved of Israel: I will also give thee for a light to the Gentiles, that thou mayest be my salvation unto the end of the earth."
Ac 23:5,"Then said Paul, I wist not, brethren, that he was the high priest: for it is written, Thou shalt not speak evil of the ruler of thy people.",Ex 22:28,"Thou shalt not revile the gods, nor curse the ruler of thy people."
"Ac 28:26,27","Saying, Go unto this people, and say, Hearing ye shall hear, and shall not understand; and seeing ye shall see, and not perceive:","Isa 6:9,10","And he said, Go, and tell this people, Hear ye indeed, but understand not; and see ye indeed, but perceive not."
Ro 1:17,"For therein is the righteousness of God revealed from faith to faith: as it is written, The just shall live by faith.",Hab 2:4,"Behold, his soul which is lifted up is not upright in him: but the just shall live by his faith."
Ro 2:24,"For the name of God is blasphemed among the Gentiles through you, as it is written.",Isa 52:5,"Now therefore, what have I here, saith the LORD, that my people is taken away for nought? they that rule over them make them to howl, saith the LORD; and my name continually every day is blasphemed."
Ro 2:24,"For the name of God is blasphemed among the Gentiles through you, as it is written.",Eze 36:20,"And when they entered unto the heathen, whither they went, they profaned my holy name, when they said to them, These are the people of the LORD, and are gone forth out of his land."
Ro 3:4,"God forbid: yea, let God be true, but every man a liar; as it is written, That thou mightest be justified in thy sayings, and mightest overcome when thou art judged.",Ps 116:11,"I said in my haste, All men are liars."
Ro 3:4,"God forbid: yea, let God be true, but every man a liar; as it is written, That thou mightest be justified in thy sayings, and mightest overcome when thou art judged.",Ps 51:4,"Against thee, thee only, have I sinned, and done this evil in thy sight: that thou mightest be justified when thou speakest, and be clear when thou judgest."
"Ro 3:10,11,12","As it is written, There is none righteous, no, not one:","Ps 14:1,2,3","The fool hath said in his heart, There is no God. They are corrupt, they have done abominable works, there is none that doeth good."
"Ro 3:10,11,12","As it is written, There is none righteous, no, not one:","Ps 53:1,2,3","The fool hath said in his heart, There is no God. Corrupt are they, and have done abominable iniquity: there is none that doeth good."
Ro 3:13,Their throat is an open sepulchre; with their tongues they have used deceit; the poison of asps is under their lips:,Ps 5:9,For there is no faithfulness in their mouth; their inward part is very wickedness; their throat is an open sepulchre; they flatter with their tongue.
Ro 3:13,Their throat is an open sepulchre; with their tongues they have used deceit; the poison of asps is under their lips:,Ps 140:3,They have sharpened their tongues like a serpent; adders' poison is under their lips. Selah.
Ro 3:14,Whose mouth is full of cursing and bitterness:,Ps 10:7,His mouth is full of cursing and deceit and fraud: under his tongue is mischief and vanity.
Ro 3:15-18,Their feet are swift to shed blood:,"Isa 59:7,8","Their feet run to evil, and they make haste to shed innocent blood: their thoughts are thoughts of iniquity; wasting and destruction are in their paths."
Ro 3:18,There is no fear of God before their eyes.,Ps 36:1,"The transgression of the wicked saith within my heart, that there is no fear of God before his eyes."
Ro 4:3,"For what saith the scripture? Abraham believed God, and it was counted unto him for righteousness.",Ge 15:6,And he believed in the LORD; and he counted it to him for righteousness.
"Ro 4:7,8","Saying, Blessed are they whose iniquities are forgiven, and whose sins are covered.","Ps 32:1,2","Blessed is he whose transgression is forgiven, whose sin is covered."
Ro 4:11,"And he received the sign of circumcision, a seal of the righteousness of the faith which he had yet being uncircumcised: that he might be the father of all them that believe, though they be not circumcised; that righteousness might be imputed unto them also:",Ge 17:10,"This is my covenant, which ye shall keep, between me and you and thy seed after thee; Every man child among you shall be circumcised."
Ro 4:17,"(As it is written, I have made thee a father of many nations,) before him whom he believed, even God, who quickeneth the dead, and calleth those things which be not as though they were.",Ge 17:5,"Neither shall thy name any more be called Abram, but thy name shall be Abraham; for a father of many nations have I made thee."
Ro 4:18,"Who against hope believed in hope, that he might become the father of many nations, according to that which was spoken, So shall thy seed be.",Ge 15:5,"And he brought him forth abroad, and said, Look now toward heaven, and tell the stars, if thou be able to number them: and he said unto him, So shall thy seed be."
Ro 7:7,"What shall we say then? Is the law sin? God forbid. Nay, I had not known sin, but by the law: for I had not known lust, except the law had said, Thou shalt not covet.",Ex 20:17,"Thou shalt not covet thy neighbor's house, thou shalt not covet thy neighbor's wife, nor his manservant, nor his maidservant, nor his ox, nor his ass, nor any thing that is thy neighbor's."
Ro 7:7,"What shall we say then? Is the law sin? God forbid. Nay, I had not known sin, but by the law: for I had not known lust, except the law had said, Thou shalt not covet.",De 5:21,"Neither shalt thou desire thy neighbor's wife, neither shalt thou covet thy neighbor's house, his field, or his manservant, or his maidservant, his ox, or his ass, or any thing that is thy neighbor's."
Ro 8:36,"As it is written, For thy sake we are killed all the day long; we are accounted as sheep for the slaughter.",Ps 44:22,"Yea, for thy sake are we killed all the day long; we are counted as sheep for the slaughter."
Ro 9:7,"Neither, because they are the seed of Abraham, are they all children: but, In Isaac shall thy seed be called.",Ge 21:12,"And God said unto Abraham, Let it not be grievous in thy sight because of the lad, and because of thy bondwoman; in all that Sarah hath said unto thee, hearken unto her voice; for in Isaac shall thy seed be called."
Ro 9:9,"For this is the word of promise, At this time will I come, and Sarah shall have a son.",Ge 18:10,"And he said, I will certainly return unto thee according to the time of life; and, lo, Sarah thy wife shall have a son. And Sarah heard it in the tent door, which was behind him."
Ro 9:12,"It was said unto her, The elder shall serve the younger.",Ge 25:23,"And the LORD said unto her, Two nations are in thy womb, and two manner of people shall be separated from thy bowels; and the one people shall be stronger than the other people; and the elder shall serve the younger."
Ro 9:13,"As it is written, Jacob have I loved, but Esau have I hated.","Mal 1:2,3","I have loved you, saith the LORD. Yet ye say, Wherein hast thou loved us? Was not Esau Jacob's brother? saith the LORD: yet I loved Jacob,"
Ro 9:15,"For he saith to Moses, I will have mercy on whom I will have mercy, and I will have compassion on whom I will have compassion.",Ex 33:19,"And he said, I will make all my goodness pass before thee, and I will proclaim the name of the LORD before thee; and will be gracious to whom I will be gracious, and will show mercy on whom I will show mercy."
Ro 9:17,"For the scripture saith unto Pharaoh, Even for this same purpose have I raised thee up, that I might shew my power in thee, and that my name might be declared throughout all the earth.",Ex 9:16,"And in very deed for this cause have I raised thee up, for to show in thee my power; and that my name may be declared throughout all the earth."
Ro 9:25,"As he saith also in Osee, I will call them my people, which were not my people; and her beloved, which was not beloved.",Ho 2:23,"And I will sow her unto me in the earth; and I will have mercy upon her that had not obtained mercy; and I will say to them which were not my people, Thou art my people; and they shall say, Thou art my God."
Ro 9:26,"And it shall come to pass, that in the place where it was said unto them, Ye are not my people; there shall they be called the children of the living God.",Ho 1:10,"Yet the number of the children of Israel shall be as the sand of the sea, which cannot be measured nor numbered; and it shall come to pass, that in the place where it was said unto them, Ye are not my people, there it shall be said unto them, Ye are the sons of the living God."
"Ro 9:27,28","Esaias also crieth concerning Israel, Though the number of the children of Israel be as the sand of the sea, a remnant shall be saved:","Isa 10:22,23","For though thy people Israel be as the sand of the sea, yet a remnant of them shall return: the consumption decreed shall overflow with righteousness."
Ro 9:29,"And as Esaias said before, Except the Lord of Sabaoth had left us a seed, we had been as Sodoma, and been made like unto Gomorrha.",Isa 1:9,"Except the LORD of hosts had left unto us a very small remnant, we should have been as Sodom, and we should have been like unto Gomorrah."
Ro 9:33,"As it is written, Behold, I lay in Sion a stumblingstone and rock of offence: and whosoever believeth on him shall not be ashamed.",Isa 8:14,"And he shall be for a sanctuary; but for a stone of stumbling and for a rock of offence to both the houses of Israel, for a gin and for a snare to the inhabitants of Jerusalem."
Ro 9:33,"As it is written, Behold, I lay in Sion a stumblingstone and rock of offence: and whosoever believeth on him shall not be ashamed.",Isa 28:16,"Therefore thus saith the Lord GOD, Behold, I lay in Zion for a foundation a stone, a tried stone, a precious corner stone, a sure foundation: he that believeth shall not make haste."
Ro 10:5,"For Moses describeth the righteousness which is of the law, That the man which doeth those things shall live by them.",Le 18:5,"Ye shall therefore keep my statutes, and my judgments: which if a man do, he shall live in them: I am the LORD."
Ro 10:5,"For Moses describeth the righteousness which is of the law, That the man which doeth those things shall live by them.",Eze 20:11,"And I gave them my statutes, and shewed them my judgments, which if a man do, he shall even live in them."
Ro 10:8,"But what saith it? The word is nigh thee, even in thy mouth, and in thy heart: that is, the word of faith, which we preach;",De 30:14,"But the word is very nigh unto thee, in thy mouth, and in thy heart, that thou mayest do it."
Ro 10:11,"For the scripture saith, Whosoever believeth on him shall not be ashamed.",Isa 28:16,"Therefore thus saith the Lord GOD, Behold, I lay in Zion for a foundation a stone, a tried stone, a precious corner stone, a sure foundation: he that believeth shall not make haste."
Ro 10:13,For whosoever shall call upon the name of the Lord shall be saved.,Joe 2:32,"And it shall come to pass, that whosoever shall call on the name of the LORD shall be delivered: for in mount Zion and in Jerusalem shall be deliverance, as the LORD hath said, and in the remnant whom the LORD shall call."
Ro 10:15,"And how shall they preach, except they be sent? as it is written, How beautiful are the feet of them that preach the gospel of peace, and bring glad tidings of good things!",Isa 52:7,"How beautiful upon the mountains are the feet of him that bringeth good tidings, that publisheth peace; that bringeth good tidings of good, that publisheth salvation; that saith unto Zion, Thy God reigneth!"
Ro 10:15,"And how shall they preach, except they be sent? as it is written, How beautiful are the feet of them that preach the gospel of peace, and bring glad tidings of good things!",Na 1:15,"Behold upon the mountains the feet of him that bringeth good tidings, that publisheth peace! O Judah, keep thy solemn feasts, perform thy vows: for the wicked shall no more pass through thee; he is utterly cut off."
Ro 10:16,"But they have not all obeyed the gospel. For Esaias saith, Lord, who hath believed our report?",Isa 53:1,Who hath believed our report? and to whom is the arm of the LORD revealed?
Ro 10:18,"But I say, Have they not heard? Yes verily, their sound went into all the earth, and their words unto the ends of the world.",Ps 19:4,"Their line is gone out through all the earth, and their words to the end of the world. In them hath he set a tabernacle for the sun,"
Ro 10:19,"But I say, Did not Israel know? First Moses saith, I will provoke you to jealousy by them that are no people, and by a foolish nation I will anger you.",De 32:21,They have moved me to jealousy with that which is not God; they have provoked me to anger with their vanities: and I will move them to jealousy with those which are not a people; I will provoke them to anger with a foolish nation.
"Ro 10:20,21","But Esaias is very bold, and saith, I was found of them that sought me not; I was made manifest unto them that asked not after me.","Isa 65:1,2","I am sought of them that asked not for me; I am found of them that sought me not: I said, Behold me, behold me, unto a nation that was not called by my name."
Ro 11:3,"Lord, they have killed thy prophets, and digged down thine altars; and I am left alone, and they seek my life.","1Ki 19:10,14","And he said, I have been very jealous for the LORD God of hosts: for the children of Israel have forsaken thy covenant, thrown down thine altars, and slain thy prophets with the sword; and I, even I only, am left; and they seek my life, to take it away."
Ro 11:4,"But what saith the answer of God unto him? I have reserved to myself seven thousand men, who have not bowed the knee to the image of Baal.",1Ki 19:18,"Yet I have left me seven thousand in Israel, all the knees which have not bowed unto Baal, and every mouth which hath not kissed him."
Ro 11:8,"(According as it is written, God hath given them the spirit of slumber, eyes that they should not see, and ears that they should not hear;) unto this day.",Isa 29:10,"For the LORD hath poured out upon you the spirit of deep sleep, and hath closed your eyes: the prophets and your rulers, the seers hath he covered."
"Ro 11:9,10","And David saith, Let their table be made a snare, and a trap, and a stumblingblock, and a recompence unto them:","Ps 69:22,23","Let their table become a snare before them: and that which should have been for their welfare, let it become a trap."
"Ro 11:26,27","And so all Israel shall be saved: as it is written, There shall come out of Sion the Deliverer, and shall turn away ungodliness from Jacob:","Isa 59:20,21","And the Redeemer shall come to Zion, and unto them that turn from transgression in Jacob, saith the LORD."
Ro 11:34,For who hath known the mind of the Lord? or who hath been his counsellor?,Isa 40:13,"Who hath directed the Spirit of the LORD, or being his counsellor hath taught him?"
Ro 12:16,"Be of the same mind one toward another. Mind not high things, but condescend to men of low estate. Be not wise in your own conceits.",Pr 3:7,"Be not wise in thine own eyes: fear the LORD, and depart from evil."
Ro 12:19,"Dearly beloved, avenge not yourselves, but rather give place unto wrath: for it is written, Vengeance is mine; I will repay, saith the Lord.",De 32:35,"To me belongeth vengeance and recompence; their foot shall slide in due time: for the day of their calamity is at hand, and the things that shall come upon them make haste."
Ro 12:20,"Therefore if thine enemy hunger, feed him; if he thirst, give him drink: for in so doing thou shalt heap coals of fire on his head.","Pr 25:21,22","If thine enemy be hungry, give him bread to eat; and if he be thirsty, give him water to drink:"
Ro 13:9,"For this, Thou shalt not commit adultery, Thou shalt not kill, Thou shalt not steal, Thou shalt not bear false witness, Thou shalt not covet; and if there be any other commandment, it is briefly comprehended in this saying, namely, Thou shalt love thy neighbour as thyself.","Ex 20:13,17",Thou shalt not kill.
Ro 13:9,"For this, Thou shalt not commit adultery, Thou shalt not kill, Thou shalt not steal, Thou shalt not bear false witness, Thou shalt not covet; and if there be any other commandment, it is briefly comprehended in this saying, namely, Thou shalt love thy neighbour as thyself.",De 5:16-21,"Honor thy father and thy mother, as the LORD thy God hath commanded thee; that thy days may be prolonged, and that it may go well with thee, in the land which the LORD thy God giveth thee."
Ro 13:9,"For this, Thou shalt not commit adultery, Thou shalt not kill, Thou shalt not steal, Thou shalt not bear false witness, Thou shalt not covet; and if there be any other commandment, it is briefly comprehended in this saying, namely, Thou shalt love thy neighbour as thyself.",Le 19:18,"Thou shalt not avenge, nor bear any grudge against the children of thy people, but thou shalt love thy neighbor as thyself: I am the LORD."
Ro 14:11,"For it is written, As I live, saith the Lord, every knee shall bow to me, and every tongue shall confess to God.",Isa 45:23,"I have sworn by myself, the word is gone out of my mouth in righteousness, and shall not return, That unto me every knee shall bow, every tongue shall swear."
Ro 15:3,"For even Christ pleased not himself; but, as it is written, The reproaches of them that reproached thee fell on me.",Ps 69:9,For the zeal of thine house hath eaten me up; and the reproaches of them that reproached thee are fallen upon me.
Ro 15:9,"And that the Gentiles might glorify God for his mercy; as it is written, For this cause I will confess to thee among the Gentiles, and sing unto thy name.",Ps 18:49,"Therefore will I give thanks unto thee, O LORD, among the heathen, and sing praises unto thy name."
Ro 15:10,"And again he saith, Rejoice, ye Gentiles, with his people.",De 32:43,"Rejoice, O ye nations, with his people: for he will avenge the blood of his servants, and will render vengeance to his adversaries, and will be merciful unto his land, and to his people."
Ro 15:11,"And again, Praise the Lord, all ye Gentiles; and laud him, all ye people.",Ps 117:1,"O praise the LORD, all ye nations: praise him, all ye people."
Ro 15:12,"And again, Esaias saith, There shall be a root of Jesse, and he that shall rise to reign over the Gentiles; in him shall the Gentiles trust.","Isa 11:1,10","And there shall come forth a rod out of the stem of Jesse, and a Branch shall grow out of his roots:"
Ro 15:21,"But as it is written, To whom he was not spoken of, they shall see: and they that have not heard shall understand.",Isa 52:15,So shall he sprinkle many nations; the kings shall shut their mouths at him: for that which had not been told them shall they see; and that which they had not heard shall they consider.
1Co 1:19,"For it is written, I will destroy the wisdom of the wise, and will bring to nothing the understanding of the prudent.",Isa 29:14,"Therefore, behold, I will proceed to do a marvellous work among this people, even a marvellous work and a wonder: for the wisdom of their wise men shall perish, and the understanding of their prudent men shall be hid."
1Co 1:31,"That, according as it is written, He that glorieth, let him glory in the Lord.",Jer 9:24,"But let him that glorieth glory in this, that he understandeth and knoweth me, that I am the LORD which exercise lovingkindness, judgment, and righteousness, in the earth: for in these things I delight, saith the LORD."
1Co 2:9,"But as it is written, Eye hath not seen, nor ear heard, neither have entered into the heart of man, the things which God hath prepared for them that love him.",Isa 64:4,"For since the beginning of the world men have not heard, nor perceived by the ear, neither hath the eye seen, O God, beside thee, what he hath prepared for him that waiteth for him."
1Co 2:16,"For who hath known the mind of the Lord, that he may instruct him? But we have the mind of Christ.",Isa 40:13,"Who hath directed the Spirit of the LORD, or being his counsellor hath taught him?"
1Co 3:19,"For the wisdom of this world is foolishness with God. For it is written, He taketh the wise in their own craftiness.",Job 5:13,He taketh the wise in their own craftiness: and the counsel of the froward is carried headlong.
1Co 3:20,"And again, The Lord knoweth the thoughts of the wise, that they are vain.",Ps 94:11,"The LORD knoweth the thoughts of man, that they are vanity."
1Co 6:16,"What? know ye not that he which is joined to an harlot is one body? for two, saith he, shall be one flesh.",Ge 2:24,"Therefore shall a man leave his father and his mother, and shall cleave unto his wife: and they shall be one flesh."
1Co 9:9,"For it is written in the law of Moses, Thou shalt not muzzle the mouth of the ox that treadeth out the corn. Doth God take care for oxen?",De 25:4,Thou shalt not muzzle the ox when he treadeth out the corn.
1Co 10:7,"Neither be ye idolaters, as were some of them; as it is written, The people sat down to eat and drink, and rose up to play.",Ex 32:6,"And they rose up early on the morrow, and offered burnt offerings, and brought peace offerings; and the people sat down to eat and to drink, and rose up to play."
1Co 10:20,"But I say, that the things which the Gentiles sacrifice, they sacrifice to devils, and not to God: and I would not that ye should have fellowship with devils.",De 32:17,"They sacrificed unto devils, not to God; to gods whom they knew not, to new gods that came newly up, whom your fathers feared not."
1Co 10:26,"For the earth is the Lord's, and the fulness thereof.",Ps 24:1,"The earth is the LORD's, and the fulness thereof; the world, and they that dwell therein."
1Co 14:21,"In the law it is written, With men of other tongues and other lips will I speak unto this people; and yet for all that will they not hear me, saith the Lord.","Isa 28:11,12",For with stammering lips and another tongue will he speak to this people.
1Co 15:25,"For he must reign, till he hath put all enemies under his feet.",Ps 110:1,"The LORD said unto my Lord, Sit thou at my right hand, until I make thine enemies thy footstool."
1Co 15:27,"For he hath put all things under his feet. But when he saith all things are put under him, it is manifest that he is excepted, which did put all things under him.",Ps 8:6,Thou madest him to have dominion over the works of thy hands; thou hast put all things under his feet:
1Co 15:32,"If after the manner of men I have fought with beasts at Ephesus, what advantageth it me, if the dead rise not? let us eat and drink; for to morrow we die.",Isa 22:13,"And behold joy and gladness, slaying oxen, and killing sheep, eating flesh, and drinking wine: let us eat and drink; for to morrow we shall die."
1Co 15:45,"And so it is written, The first man Adam was made a living soul; the last Adam was made a quickening spirit.",Ge 2:7,"And the LORD God formed man of the dust of the ground, and breathed into his nostrils the breath of life; and man became a living soul."
1Co 15:54,"So when this corruptible shall have put on incorruption, and this mortal shall have put on immortality, then shall be brought to pass the saying that is written, Death is swallowed up in victory.",Isa 25:8,He will swallow up death in victory; and the Lord GOD will wipe away tears from off all faces; and the rebuke of his people shall he take away from off all the earth: for the LORD hath spoken it.
1Co 15:55,"O death, where is thy sting? O grave, where is thy victory?",Ho 13:14,"I will ransom them from the power of the grave; I will redeem them from death: O death, I will be thy plagues; O grave, I will be thy destruction: repentance shall be hid from mine eyes."
2Co 4:13,"We having the same spirit of faith, according as it is written, I believed, and therefore have I spoken; we also believe, and therefore speak;",Ps 116:10,"I believed, therefore have I spoken: I was greatly afflicted:"
2Co 5:17,"Therefore if any man be in Christ, he is a new creature: old things are passed away; behold, all things are become new.","Isa 43:18,19","Remember ye not the former things, neither consider the things of old."
2Co 6:2,"(For he saith, I have heard thee in a time accepted, and in the day of salvation have I succoured thee: behold, now is the accepted time; behold, now is the day of salvation.)",Isa 49:8,"Thus saith the LORD, In an acceptable time have I heard thee, and in a day of salvation have I helped thee: and I will preserve thee, and give thee for a covenant of the people, to establish the earth, to cause to inherit the desolate heritages;"
2Co 6:16,"And what agreement hath the temple of God with idols? for ye are the temple of the living God; as God hath said, I will dwell in them, and walk in them; and I will be their God, and they shall be my people.","Le 26:11,12",And I set my tabernacle among you: and my soul shall not abhor you.
"2Co 6:17,18","Wherefore come out from among them, and be ye separate, saith the Lord, and touch not the unclean thing; and I will receive you.","Isa 52:11,12","Depart ye, depart ye, go ye out from thence, touch no unclean thing; go ye out of the midst of her; be ye clean, that bear the vessels of the LORD."
"2Co 6:17,18","Wherefore come out from among them, and be ye separate, saith the Lord, and touch not the unclean thing; and I will receive you.",Jer 31:9,"They shall come with weeping, and with supplications will I lead them: I will cause them to walk by the rivers of waters in a straight way, wherein they shall not stumble: for I am a father to Israel, and Ephraim is my firstborn."
"2Co 6:17,18","Wherefore come out from among them, and be ye separate, saith the Lord, and touch not the unclean thing; and I will receive you.",2Sa 7:14,"I will be his father, and he shall be my son. If he commit iniquity, I will chasten him with the rod of men, and with the stripes of the children of men:"
2Co 8:15,"As it is written, He that had gathered much had nothing over; and he that had gathered little had no lack.",Ex 16:18,"And when they did mete it with an omer, he that gathered much had nothing over, and he that gathered little had no lack; they gathered every man according to his eating."
2Co 9:9,"(As it is written, He hath dispersed abroad; he hath given to the poor: his righteousness remaineth for ever.",Ps 112:9,"He hath dispersed, he hath given to the poor; his righteousness endureth for ever; his horn shall be exalted with honour."
2Co 10:17,"But he that glorieth, let him glory in the Lord.",Jer 9:24,"But let him that glorieth glory in this, that he understandeth and knoweth me, that I am the LORD which exercise lovingkindness, judgment, and righteousness, in the earth: for in these things I delight, saith the LORD."
2Co 13:1,This is the third time I am coming to you. In the mouth of two or three witnesses shall every word be established.,De 19:15,"One witness shall not rise up against a man for any iniquity, or for any sin, in any sin that he sinneth: at the mouth of two witnesses, or at the mouth of three witnesses, shall the matter be established."
Ga 2:6,"But of these who seemed to be somewhat, (whatsoever they were, it maketh no matter to me: God accepteth no man's person:) for they who seemed to be somewhat in conference added nothing to me:",De 10:17,"For the LORD your God is God of gods, and Lord of lords, a great God, a mighty, and a terrible, which regardeth not persons, nor taketh reward:"
Ga 3:8,"And the scripture, foreseeing that God would justify the heathen through faith, preached before the gospel unto Abraham, saying, In thee shall all nations be blessed.",Ge 12:3,"And I will bless them that bless thee, and curse him that curseth thee: and in thee shall all families of the earth be blessed."
Ga 3:10,"For as many as are of the works of the law are under the curse: for it is written, Cursed is every one that continueth not in all things which are written in the book of the law to do them.",De 27:26,"Cursed be he that confirmeth not all the words of this law to do them. And all the people shall say, Amen."
Ga 3:11,"But that no man is justified by the law in the sight of God, it is evident: for, The just shall live by faith.",Hab 2:4,"Behold, his soul which is lifted up is not upright in him: but the just shall live by his faith."
Ga 3:12,"And the law is not of faith: but, The man that doeth them shall live in them.",Le 18:5,"Ye shall therefore keep my statutes, and my judgments: which if a man do, he shall live in them: I am the LORD."
Ga 3:13,"Christ hath redeemed us from the curse of the law, being made a curse for us: for it is written, Cursed is every one that hangeth on a tree:",De 21:23,"His body shall not remain all night upon the tree, but thou shalt in any wise bury him that day; (for he that is hanged is accursed of God;) that thy land be not defiled, which the LORD thy God giveth thee for an inheritance."
Ga 3:16,"Now to Abraham and his seed were the promises made. He saith not, And to seeds, as of many; but as of one, And to thy seed, which is Christ.",Ge 22:18,And in thy seed shall all the nations of the earth be blessed; because thou hast obeyed my voice.
Ga 4:27,"For it is written, Rejoice, thou barren that bearest not; break forth and cry, thou that travailest not: for the desolate hath many more children than she which hath an husband.",Isa 54:1,"Sing, O barren, thou that didst not bear; break forth into singing, and cry aloud, thou that didst not travail with child: for more are the children of the desolate than the children of the married wife, saith the LORD."
Ga 4:30,Nevertheless what saith the scripture? Cast out the bondwoman and her son: for the son of the bondwoman shall not be heir with the son of the freewoman.,Ge 21:10,"Wherefore she said unto Abraham, Cast out this bondwoman and her son: for the son of this bondwoman shall not be heir with my son, even with Isaac."
Ga 5:14,"For all the law is fulfilled in one word, even in this; Thou shalt love thy neighbour as thyself.",Le 19:18,"Thou shalt not avenge, nor bear any grudge against the children of thy people, but thou shalt love thy neighbor as thyself: I am the LORD."
Eph 4:8,"Wherefore he saith, When he ascended up on high, he led captivity captive, and gave gifts unto men.",Ps 68:18,"Thou hast ascended on high, thou hast led captivity captive: thou hast received gifts for men; yea, for the rebellious also, that the LORD God might dwell among them."
Eph 4:25,"Wherefore putting away lying, speak every man truth with his neighbour: for we are members one of another.",Zec 8:16,These are the things that ye shall do; Speak ye every man the truth to his neighbour; execute the judgment of truth and peace in your gates:
Eph 4:26,"Be ye angry, and sin not: let not the sun go down upon your wrath:",Ps 4:4,"Stand in awe, and sin not: commune with your own heart upon your bed, and be still. Selah."
Eph 5:31,"For this cause shall a man leave his father and mother, and shall be joined unto his wife, and they two shall be one flesh.",Ge 2:4,"These are the generations of the heavens and of the earth when they were created, in the day that the LORD God made the earth and the heavens,"
"Eph 6:2,3",Honour thy father and mother; which is the first commandment with promise;,Ex 20:12,Honor thy father and thy mother: that thy days may be long upon the land which the LORD thy God giveth thee.
"Eph 6:2,3",Honour thy father and mother; which is the first commandment with promise;,De 5:16,"Honor thy father and thy mother, as the LORD thy God hath commanded thee; that thy days may be prolonged, and that it may go well with thee, in the land which the LORD thy God giveth thee."
1Ti 5:18,"For the scripture saith, Thou shalt not muzzle the ox that treadeth out the corn. And, The labourer is worthy of his reward.",De 25:4,Thou shalt not muzzle the ox when he treadeth out the corn.
Heb 1:5,"For unto which of the angels said he at any time, Thou art my Son, this day have I begotten thee? And again, I will be to him a Father, and he shall be to me a Son?",Ps 2:7,"I will declare the decree: the LORD hath said unto me, Thou art my Son; this day have I begotten thee."
Heb 1:5,"For unto which of the angels said he at any time, Thou art my Son, this day have I begotten thee? And again, I will be to him a Father, and he shall be to me a Son?",2Sa 7:14,"I will be his father, and he shall be my son. If he commit iniquity, I will chasten him with the rod of men, and with the stripes of the children of men:"
Heb 1:6,"And again, when he bringeth in the firstbegotten into the world, he saith, And let all the angels of God worship him.",Ps 97:7,"Confounded be all they that serve graven images, that boast themselves of idols: worship him, all ye gods."
Heb 1:7,"And of the angels he saith, Who maketh his angels spirits, and his ministers a flame of fire.",Ps 104:4,Who maketh his angels spirits; his ministers a flaming fire:
"Heb 1:8,9","But unto the Son he saith, Thy throne, O God, is for ever and ever: a sceptre of righteousness is the sceptre of thy kingdom.","Ps 45:6,7","Thy throne, O God, is for ever and ever: the sceptre of thy kingdom is a right sceptre."
"Heb 1:10,11,12","And, Thou, Lord, in the beginning hast laid the foundation of the earth; and the heavens are the works of thine hands:","Ps 102:25,26,27",Of old hast thou laid the foundation of the earth: and the heavens are the work of thy hands.
Heb 1:13,"But to which of the angels said he at any time, Sit on my right hand, until I make thine enemies thy footstool?",Ps 110:1,"The LORD said unto my Lord, Sit thou at my right hand, until I make thine enemies thy footstool."
Heb 2:6-8,"But one in a certain place testified, saying, What is man, that thou art mindful of him? or the son of man that thou visitest him?",Ps 8:4-6,"What is man, that thou art mindful of him? and the son of man, that thou visitest him?"
Heb 2:12,"Saying, I will declare thy name unto my brethren, in the midst of the church will I sing praise unto thee.",Ps 22:22,I will declare thy name unto my brethren: in the midst of the congregation will I praise thee.
Heb 2:13,"And again, I will put my trust in him. And again, Behold I and the children which God hath given me.",Isa 8:18,"Behold, I and the children whom the LORD hath given me are for signs and for wonders in Israel from the LORD of hosts, which dwelleth in mount Zion."
Heb 2:13,"And again, I will put my trust in him. And again, Behold I and the children which God hath given me.",Ps 18:2,"The LORD is my rock, and my fortress, and my deliverer; my God, my strength, in whom I will trust; my buckler, and the horn of my salvation, and my high tower."
Heb 2:13,"And again, I will put my trust in him. And again, Behold I and the children which God hath given me.",2Sa 22:2,"And he said, The LORD is my rock, and my fortress, and my deliverer;"
Heb 3:7-11,"Wherefore (as the Holy Ghost saith, To day if ye will hear his voice,",Ps 95:7-11,"For he is our God; and we are the people of his pasture, and the sheep of his hand. To day if ye will hear his voice,"
Heb 3:15,"While it is said, To day if ye will hear his voice, harden not your hearts, as in the provocation.",Ps 95:7-11,"For he is our God; and we are the people of his pasture, and the sheep of his hand. To day if ye will hear his voice,"
Heb 4:3,"For we which have believed do enter into rest, as he said, As I have sworn in my wrath, if they shall enter into my rest: although the works were finished from the foundation of the world.",Ps 95:11,Unto whom I sware in my wrath that they should not enter into my rest.
Heb 4:4,"For he spake in a certain place of the seventh day on this wise, And God did rest the seventh day from all his works.","Ge 2:2,3",And on the seventh day God ended his work which he had made; and he rested on the seventh day from all his work which he had made.
Heb 4:7,"Again, he limiteth a certain day, saying in David, To day, after so long a time; as it is said, To day if ye will hear his voice, harden not your hearts.","Ps 95:7,8","For he is our God; and we are the people of his pasture, and the sheep of his hand. To day if ye will hear his voice,"
Heb 5:5,"So also Christ glorified not himself to be made an high priest; but he that said unto him, Thou art my Son, to day have I begotten thee.",Ps 2:7,"I will declare the decree: the LORD hath said unto me, Thou art my Son; this day have I begotten thee."
Heb 5:6,"As he saith also in another place, Thou art a priest for ever after the order of Melchisedec.",Ps 110:4,"The LORD hath sworn, and will not repent, Thou art a priest for ever after the order of Melchizedek."
Heb 6:14,"Saying, Surely blessing I will bless thee, and multiplying I will multiply thee.","Ge 22:16,17","And said, By myself have I sworn, saith the LORD, for because thou hast done this thing, and hast not withheld thy son, thine only son:"
"Heb 7:17,21","For he testifieth, Thou art a priest for ever after the order of Melchisedec.",Ps 110:4,"The LORD hath sworn, and will not repent, Thou art a priest for ever after the order of Melchizedek."
Heb 8:5,"Who serve unto the example and shadow of heavenly things, as Moses was admonished of God when he was about to make the tabernacle: for, See, saith he, that thou make all things according to the pattern shewed to thee in the mount.",Ex 25:40,"And look that thou make them after their pattern, which was showed thee in the mount."
Heb 8:8-12,"For finding fault with them, he saith, Behold, the days come, saith the Lord, when I will make a new covenant with the house of Israel and with the house of Judah:",Jer 31:31-34,"Behold, the days come, saith the LORD, that I will make a new covenant with the house of Israel, and with the house of Judah:"
Heb 9:20,"Saying, This is the blood of the testament which God hath enjoined unto you.",Ex 24:8,"And Moses took the blood, and sprinkled it on the people, and said, Behold the blood of the covenant, which the LORD hath made with you concerning all these words."
Heb 10:5-7,"Wherefore when he cometh into the world, he saith, Sacrifice and offering thou wouldest not, but a body hast thou prepared me:",Ps 40:6-8,Sacrifice and offering thou didst not desire; mine ears hast thou opened: burnt offering and sin offering hast thou not required.
"Heb 10:16,17","This is the covenant that I will make with them after those days, saith the Lord, I will put my laws into their hearts, and in their minds will I write them;","Jer 31:33,34","But this shall be the covenant that I will make with the house of Israel; After those days, saith the LORD, I will put my law in their inward parts, and write it in their hearts; and will be their God, and they shall be my people."
Heb 10:30,"For we know him that hath said, Vengeance belongeth unto me, I will recompense, saith the Lord. And again, The Lord shall judge his people.","De 32:35,36","To me belongeth vengeance and recompence; their foot shall slide in due time: for the day of their calamity is at hand, and the things that shall come upon them make haste."
"Heb 10:37,38","For yet a little while, and he that shall come will come, and will not tarry.","Hab 2:3,4","For the vision is yet for an appointed time, but at the end it shall speak, and not lie: though it tarry, wait for it; because it will surely come, it will not tarry."
Heb 11:21,"By faith Jacob, when he was a dying, blessed both the sons of Joseph; and worshipped, leaning upon the top of his staff.",Ge 47:31,"And he said, Swear unto me. And he sware unto him. And Israel bowed himself upon the bed's head."
"Heb 12:5,6","And ye have forgotten the exhortation which speaketh unto you as unto children, My son, despise not thou the chastening of the Lord, nor faint when thou art rebuked of him:","Pr 3:11,12","My son, despise not the chastening of the LORD; neither be weary of his correction:"
Heb 12:20,"(For they could not endure that which was commanded, And if so much as a beast touch the mountain, it shall be stoned, or thrust through with a dart:","Ex 19:12,13","And thou shalt set bounds unto the people round about, saying, Take heed to yourselves, that ye go not up into the mount, or touch the border of it: whosoever toucheth the mount shall be surely put to death:"
Heb 12:21,"And so terrible was the sight, that Moses said, I exceedingly fear and quake:)",De 9:19,"For I was afraid of the anger and hot displeasure, wherewith the LORD was wroth against you to destroy you. But the LORD hearkened unto me at that time also."
Heb 12:26,"Whose voice then shook the earth: but now he hath promised, saying, Yet once more I shake not the earth only, but also heaven.",Hag 2:6,"For thus saith the LORD of hosts; Yet once, it is a little while, and I will shake the heavens, and the earth, and the sea, and the dry land;"
Heb 12:29,For our God is a consuming fire.,De 4:24,"For the LORD thy God is a consuming fire, even a jealous God."
Heb 13:5,"Let your conversation be without covetousness; and be content with such things as ye have: for he hath said, I will never leave thee, nor forsake thee.",De 31:8,"And the LORD, he it is that doth go before thee; he will be with thee, he will not fail thee, neither forsake thee: fear not, neither be dismayed."
Heb 13:5,"Let your conversation be without covetousness; and be content with such things as ye have: for he hath said, I will never leave thee, nor forsake thee.",Jos 1:5,"There shall not any man be able to stand before thee all the days of thy life: as I was with Moses, so I will be with thee: I will not fail thee, nor forsake thee."
Heb 13:6,"So that we may boldly say, The Lord is my helper, and I will not fear what man shall do unto me.",Ps 118:6,The LORD is on my side; I will not fear: what can man do unto me?
Jas 2:8,"If ye fulfil the royal law according to the scripture, Thou shalt love thy neighbour as thyself, ye do well:",Le 19:18,"Thou shalt not avenge, nor bear any grudge against the children of thy people, but thou shalt love thy neighbor as thyself: I am the LORD."
Jas 2:11,"For he that said, Do not commit adultery, said also, Do not kill. Now if thou commit no adultery, yet if thou kill, thou art become a transgressor of the law.","Ex 20:13,14,15",Thou shalt not kill.
Jas 2:23,"And the scripture was fulfilled which saith, Abraham believed God, and it was imputed unto him for righteousness: and he was called the Friend of God.",Ge 15:6,And he believed in the LORD; and he counted it to him for righteousness.
Jas 4:6,"But he giveth more grace. Wherefore he saith, God resisteth the proud, but giveth grace unto the humble.",Pr 3:34,Surely he scorneth the scorners: but he giveth grace unto the lowly.
1Pe 1:16,"Because it is written, Be ye holy; for I am holy.",Le 11:44,"For I am the LORD your God: ye shall therefore sanctify yourselves, and ye shall be holy; for I am holy: neither shall ye defile yourselves with any manner of creeping thing that creepeth upon the earth."
"1Pe 1:24,25","For all flesh is as grass, and all the glory of man as the flower of grass. The grass withereth, and the flower thereof falleth away:",Isa 40:6,"The voice said, Cry. And he said, What shall I cry? All flesh is grass, and all the goodliness thereof is as the flower of the field:"
1Pe 2:6,"Wherefore also it is contained in the scripture, Behold, I lay in Sion a chief corner stone, elect, precious: and he that believeth on him shall not be confounded.",Isa 28:16,"Therefore thus saith the Lord GOD, Behold, I lay in Zion for a foundation a stone, a tried stone, a precious corner stone, a sure foundation: he that believeth shall not make haste."
1Pe 2:7,"Unto you therefore which believe he is precious: but unto them which be disobedient, the stone which the builders disallowed, the same is made the head of the corner,","Ps 118:22,23",The stone which the builders refused is become the head stone of the corner.
1Pe 2:9,"But ye are a chosen generation, a royal priesthood, an holy nation, a peculiar people; that ye should shew forth the praises of him who hath called you out of darkness into his marvellous light;",Ex 19:6,"And ye shall be unto me a kingdom of priests, and an holy nation. These are the words which thou shalt speak unto the children of Israel."
1Pe 2:22,"Who did no sin, neither was guile found in his mouth:",Isa 53:9,"And he made his grave with the wicked, and with the rich in his death; because he had done no violence, neither was any deceit in his mouth."
1Pe 2:24,"Who his own self bare our sins in his own body on the tree, that we, being dead to sins, should live unto righteousness: by whose stripes ye were healed.","Isa 53:4,5","Surely he hath borne our griefs, and carried our sorrows: yet we did esteem him stricken, smitten of God, and afflicted."
"1Pe 3:10,11,12","For he that will love life, and see good days, let him refrain his tongue from evil, and his lips that they speak no guile:",Ps 34:12-16,"What man is he that desireth life, and loveth many days, that he may see good?"
1Pe 4:8,And above all things have fervent charity among yourselves: for charity shall cover the multitude of sins.,Pr 10:12,Hatred stirreth up strifes: but love covereth all sins.
2Pe 2:22,"But it is happened unto them according to the true proverb, The dog is turned to his own vomit again; and the sow that was washed to her wallowing in the mire.",Pr 26:11,"As a dog returneth to his vomit, so a fool returneth to his folly."
Re 7:16,"They shall hunger no more, neither thirst any more; neither shall the sun light on them, nor any heat.",Isa 49:10,"They shall not hunger nor thirst; neither shall the heat nor sun smite them: for he that hath mercy on them shall lead them, even by the springs of water shall he guide them."
Re 7:17,"For the Lamb which is in the midst of the throne shall feed them, and shall lead them unto living fountains of waters: and God shall wipe away all tears from their eyes.",Isa 25:8,He will swallow up death in victory; and the Lord GOD will wipe away tears from off all faces; and the rebuke of his people shall he take away from off all the earth: for the LORD hath spoken it.
Re 15:4,"Who shall not fear thee, O Lord, and glorify thy name? for thou only art holy: for all nations shall come and worship before thee; for thy judgments are made manifest.",Jer 10:6,"Forasmuch as there is none like unto thee, O LORD; thou art great, and thy name is great in might."
Re 15:4,"Who shall not fear thee, O Lord, and glorify thy name? for thou only art holy: for all nations shall come and worship before thee; for thy judgments are made manifest.",Ps 86:9,"All nations whom thou hast made shall come and worship before thee, O Lord; and shall glorify thy name."
Re 18:2,"And he cried mightily with a strong voice, saying, Babylon the great is fallen, is fallen, and is become the habitation of devils, and the hold of every foul spirit, and a cage of every unclean and hateful bird.",Isa 21:9,"And, behold, here cometh a chariot of men, with a couple of horsemen. And he answered and said, Babylon is fallen, is fallen; and all the graven images of her gods he hath broken unto the ground."
Re 18:3,"For all nations have drunk of the wine of the wrath of her fornication, and the kings of the earth have committed fornication with her, and the merchants of the earth are waxed rich through the abundance of her delicacies.",Jer 51:7,"Babylon hath been a golden cup in the LORD's hand, that made all the earth drunken: the nations have drunken of her wine; therefore the nations are mad."
